smiles_std,Class
CC1=CC=CC=C1C2=CC3=CC(=C(N=C3C=C2)N)C[C@@H](C)C(=O)N[C@@H]4CCOC(C4)(C)C,1
CCCO[C@@H]1C[C@@H]([NH2+]C1)[C@H]([C@H](CC2=CC(=CC(=C2)F)F)NC(=O)[C@H](CCC3=CC=CC=C3)N4CC[C@@](C4=O)(CC(C)C)NC(=O)C)O,1
CCC1=CN2CCS(=O)(=O)N(C3=CC(=CC1=C32)C(=O)N[C@@H](CC4=CC=CC=C4)[C@@H](C[NH2+]CC5=CC(=CC=C5)OC)O)C,1
CCOC[C@H](C(F)(F)F)OC1=C(C(=CC(=C1)C[C@@H]2CS(=O)(=O)C[C@@H]([C@H]2O)[NH2+]CC3=CC(=CC=C3)C(C)(C)C)F)N,1
CCC1=CN2CCS(=O)(=O)N(C3=CC(=CC1=C32)C(=O)N[C@@H](CC4=CC=CC=C4)[C@@H](C[NH2+]CC5=CC(=CC=C5)C(F)(F)F)O)C,1
CC(C)(C)C1=CC=CC(=C1)C[NH2+][C@H]2CS(=O)C[C@H]([C@@H]2O)CC3=CC(=C(C(=C3)F)N)OC(C(F)(F)F)C(F)(F)F,1
CCCCCS(=O)(=O)C[C@H](C(=O)N[C@@H](CC1=CC(=CC(=C1)F)F)[C@@H](C[NH2+]CC2=CC=CC(=C2)CC)O)NC(=O)C3=CN=CC=C3,1
CCN1C=C(C=C(C1=O)C)[C@]2(C3=C(C(=CC=C3)F)C(=[NH+]2)N)C4=CC=CC(=C4)C5=CN=CC(=C5)C#CC,1
CCC1=CC2=C(C=C1)OC3(CCC3)C[C@@H]2[NH2+]C[C@H]([C@@H]4CC5=CC=CC(=C5)CCCCN6C=C(C=CC6=O)C(=O)N4)O,1
CC(C)C1=CC=CC(=C1)C[NH2+]C[C@H]([C@H](CC2=CC=CC=C2)NC(=O)[C@@H]3CCC[C@@H](C3)C(C)(C)N4CCCCC4=O)O,1
CCCN(CCC)C(=O)C1=CC(=CC(=C1)C(=O)N[C@@H](CC2=CC(=CC(=C2)F)F)[C@@H]([C@H]3C[C@H](C[NH2+]3)OC4=CC=CC=C4)O)C,1
CCCN(CCC)C(=O)C1=CC(=CC(=C1)C(=O)N[C@@H](CC2=CC(=CC(=C2)F)F)[C@@H]([C@H]3C(=O)N(CC[NH2+]3)CC4=CC=CC=C4)O)C,1
CCNC1=CC(=CC(=C1)C(=O)N[C@@H](CC2=CC=CC=C2)[C@@H](C[NH2+]CC3=CC(=CC=C3)C(F)(F)F)O)N4CCCCS4(=O)=O,1
CCNC1=CC(=CC(=C1)C(=O)N[C@@H](CC2=CC=CC=C2)[C@@H](C[NH2+][C@@H](C)C(=O)NC3CCCCC3)O)N(C4=CC=CC=C4)S(=O)(=O)C,1
CC(C)(C)C1=CC=CC(=C1)C[NH2+][C@H]2CS(=O)C[C@H]([C@@H]2O)CC3=CC(=C(C(=C3)F)N)O[C@H](COC)C(F)(F)F,1
CCCN(CCC)C(=O)C1=CC(=CC(=C1)C(=O)N[C@@H](CC2=CC(=CC(=C2)F)F)[C@@H](C[NH2+]CC3=CC(=CC=C3)OC)O)C,1
CCCN(CCC)C(=O)C1=CC(=CC(=C1)C(=O)N[C@@H](CC2=CC(=CC(=C2)F)F)[C@@H]([C@H]3C[C@H](C[NH2+]3)OCC4=CC=CC=C4)O)C,1
CCCN(CCC)C(=O)C1=CC(=CC(=C1)C(=O)N[C@@H](CC2=CC(=CC(=C2)F)F)[C@@H](C[NH2+]CC3=CC(=CC=C3)I)O)C,1
CCCN(CCC)C(=O)C1=CC(=CC(=C1)C(=O)N[C@@H](CC2=CC(=CC(=C2)F)F)[C@@H]([C@H]3C(=O)N(C[NH2+]3)CC4=CC=CC=C4)O)C,1
CCCN(CCC)C(=O)C1=CC(=CC(=C1)C(=O)N[C@@H](CC2=CC(=CC(=C2)F)F)[C@@H]([C@H]3CN(CC[NH2+]3)S(=O)(=O)C4=CC=CC=C4)O)C,1
CC(=O)N[C@@H](CC1=CC=C(C=C1)F)[C@@H](C[NH2+][C@H]2CC3(CCC3)OC4=C2C=C(C=N4)CC(C)(C)C)O,1
CC[C@H](C)[C@]1(CCN(C1=O)[C@@H](CCC2=CC=CC=C2)C(=O)N[C@@H](CC3=CC=CC=C3)[C@@H](C[NH2+]CC4=CC(=CC=C4)OC)O)NC(=O)C,1
C[C@H](C(=O)N[C@@H](CC1=CC(=CC=C1)C2=NC=CS2)[C@@H](C[NH2+][C@H]3CC4(CCC4)OC5=C3C=C(C=N5)CC(C)(C)C)O)OC,1
C[C@H](C[C@@H]([C@H](COCC1=CC(=CC(=C1)F)F)NC(=O)C2=CC(=CC(=C2)C(=O)N[C@H](C)C3=CC=CC=C3)N(C)S(=O)(=O)C)O)C(=O)N[C@@H](C(C)C)C(=O)NCC4=CC=CC=C4,1
CCCN(CCC)C(=O)C1=CC(=CC(=C1)C(=O)N[C@@H](CC2=CC(=CC(=C2)F)F)[C@@H]([C@H]3C[C@H](CC[NH2+]3)OCC)O)C,1
C[C@H](C1=CC=C(C=C1)F)NC(=O)C2=CC(=CC(=C2)N(C)S(=O)(=O)C)C(=O)N[C@@H](CC3=CC=CC=C3)C[NH2+][C@@H](C)C(=O)NCC(C)C,1
CCC[C@@H]1[C@@H](C(=CS1)C2=CNN=C2)C[C@@H](C(=O)[O-])[NH+]=C3C4=C(CC(N3)(C)C)C=C(C=C4)Cl,1
CC(C)COC1=CC2=C(C=C1)OC3=C([C@@]24COC(=N4)N)C=C(C=C3)C5=CN=CN=C5,1
CC(C)C[C@]1(CCN(C1=O)[C@@H](CCC2=CC=CC=C2)C(=O)N[C@@H](CC3=CC(=CC(=C3)F)F)[C@@H]([C@H]4CC5=CC=CC=C5C[NH2+]4)O)NC(=O)C,1
CC(=O)N[C@@H](CC1=CC=CC=C1)[C@@H](C[NH2+][C@H]2CC(OC3=C2C=C(S3)CC(C)(C)C)(C)C)O,1
CCCC[NH2+]C(=O)[C@H](C(C)C)NC(=O)[C@@H]1CC(=O)C[C@H]1[C@@H]([C@H](CC(C)C)NC(=O)[C@H](CCSC)NC(=O)[C@H](CC(C)C)NC(=O)C)O,1
CCCC[C@@H]([C@H](CC1=CSC=C1)NC(=O)C2=CC(=NC(=C2)N(C)S(=O)(=O)C)NC[C@H]3C[C@@H]3C)[NH3+],1
CCCN(CCC)C(=O)C1=CC(=CC(=C1)C(=O)N[C@@H](CC2=CC(=CC(=C2)F)F)[C@@H](C[NH2+]CC3=CC(=CC=C3)OC)O)C(=O)N,1
CCC[C@H](CC1=C(N=C2C=CC(=CC2=C1)C3=CC=CC=C3C)N)C(=O)NCC4CCCCC4,1
C[C@H](C1=CC=C(C=C1)F)NC(=O)C2=CC(=CC(=C2)C3=NN=C(O3)[C@@](C)(CC4=CC=CC=C4)[NH3+])N(C)S(=O)(=O)C,1
CC1=CC(=CC(=C1OC)C)[C@@]2([NH+]=C(C(=N2)C)N)C3=CC=CC(=C3)C4=CN=CN=C4,1
CC(=O)N[C@@H](CC1=CC(=CC(=C1)F)F)[C@@H](C[NH2+][C@]2(CCC3=C(C2)C=NN3)C4=CC(=CC=C4)C(C)(C)C)O,1
C[C@]1(C[C@H](OC(=N1)N)C(F)(F)F)C2=C(C=CC(=C2)NC(=O)C3=NC=C(C=C3)C#N)F,1
CCNC1=CC(=CC(=C1)C(=O)N[C@@H](CC2=CC=CC=C2)[C@@H](C[NH2+][C@@H](C)C(=O)NC3CCCCC3)O)N4CCCC4=O,1
C[C@]1([C@H]([C@H](OC(=N1)N)C(F)(F)F)F)C2=C(C=CC(=C2)NC(=O)C3=NC=C(C=C3)C#N)F,1
CCCN(CCC)C(=O)C1=CC(=CC(=C1)C(=O)N[C@@H](CC2=CC(=CC(=C2)F)F)[C@@H]([C@H]3C[C@H](CC[NH2+]3)C/C=C/C=C\C)O)C,1
CN1C(=O)[C@@](N=C1N)(C2=CC=C(C=C2)OC(F)F)C3=CC(=C(C=C3)F)C#CCCCF,1
C[C@H](C1=CC=CC=C1)NC(=O)C2=CC(=CC(=C2)N(C)S(=O)(=O)C)C(=O)N[C@@H](CC3=CC=CC=C3)[C@@H](C[NH2+]C4CC4)O,1
C[C@@H](C(=O)NC1CCCCC1)[NH2+]C[C@H]([C@H](CC2=CC=CC=C2)NC(=O)C3=CC(=CC=C3)N(C4=CC=CC=C4)S(=O)(=O)C)O,1
C[C@H](C(=O)N[C@@H](CC1=CC2=C(C=C1)OCO2)[C@@H](C[NH2+][C@H]3CC4(CCC4)OC5=C3C=C(C=N5)CC(C)(C)C)O)OC,1
CC(C)C1=CC(=CC=C1)C2(CC2)[NH2+]C[C@H]([C@@H]3CC4=CC(=CC=C4)OCCCCNC5=CC(=CC(=C5)C(=O)N3)COC)O,1
CCC1=CC2=C(C=C1)OC3(CCC3)C[C@@H]2[NH2+]C[C@H]([C@@H]4CC5=CC=CC(=C5)CCCCCCC(=O)N4)O,1
CCCCN(C)C(=O)N1C=C(C2=C1C=CC(=C2)C#N)C(=O)N[C@@H](CC3=CC(=CC(=C3)F)F)[C@@H](C[NH2+]CC4=CC(=CC=C4)OC)O,1
C1[C@H](OC(=N[C@]1(CF)C2=C(C=CC(=C2)NC(=O)C3=NC=C(C=C3)C#N)F)N)C(F)(F)F,1
CCNC1=C2CCCS(=O)(=O)N(C2=CC(=C1)C(=O)N[C@@H](CC3=CC=CC=C3)[C@@H](C[NH2+]CC4=CC(=CC=C4)OC)O)C,1
CN1C(=O)[C@@](N=C1N)(C2=CC=C(C=C2)OC(F)(F)F)C3=CC(=C(C=C3)F)C4=CN=CN=C4,1
CN1C(=O)[C@@](N=C1N)(C2=CC=NC=C2)C3=CC=CC(=C3)C4=C(C=CC(=C4)F)F,1
CCN1C=CC2=C1C=C(C=C2N3CCCC3=O)C(=O)N[C@@H](CC4=CC=CCC4)[C@@H](C[NH2+]CC5=CC(=CC=C5)OC)O,1
C[C@]1(C(COC(=N1)N)(F)F)C2=C(C=CC(=C2)NC(=O)C3=NC=C(C=C3)C#N)F,1
CC1(C[C@@]2(C3=C(O1)C=CC(=C3)C4=CC(=CC=C4)Cl)C(=O)N(C(=N2)N)C)C,1
CCN1CCN2CCS(=O)(=O)N(C3=C2C1=CC(=C3)C(=O)N[C@@H](CC4=CC=CC=C4)[C@@H](C[NH2+]CC5=CC(=CC=C5)OC)O)C,1
CCC[C@H]1CN(C(=O)N1)CC2=CC=C(C=C2)CN3C(=O)[C@@](N=C3N)(CCC4CCCCC4)CC5CCCCC5,1
C[C@]1(CC2=CC=CC(=C2)CC[C@@H](NC(=O)C3=CC(=CC(=C3)C4=CC=CC=C4C#N)COC1=O)C5=CC=CC=C5)[NH3+],1
C[C@H](C1=CC=C(C=C1)F)NC(=O)C2=CC(=CC(=C2)COC(=O)[C@@](C)(CC3=CC=CC=C3)[NH3+])N(C)S(=O)(=O)C,1
C[C@@H]1CCCCCCCCC(=O)N([C@H](C(=O)N[C@@H](C1)[C@@H](C[NH2+]CC2=CC(=CC=C2)C(C)C)O)C)C,1
C[C@]1([C@H](COC(=N1)N)F)C2=C(C=CC(=C2)NC(=O)C3=NC=C(C=C3)C#N)F,1
CCC1=CC(=CC(=N1)CC)[C@]2(C(=O)N(C(=N2)N)C)C3=CC=CC(=C3)C4=CN=CN=C4,1
CCNC1=CC(=CC(=C1)C(=O)N[C@@H](CC2=CC=CC=C2)[C@@H](C[NH2+]C(C)(C)CCCC(C)C)O)N3CCCC3=O,1
CCC1=CC2=C(C=C1)OC3(CCC3)C[C@@H]2[NH2+]C[C@H]([C@@H]4CC5=CC=CC(=C5)CCCCCCCC(=O)N4)O,1
C[C@H](C1=CC=CC=C1)NC(=O)C2=CC(=CC(=C2)N(C)S(=O)(=O)C)C(=O)N[C@@H](COC3=CC(=CC(=C3)F)F)[C@H](CC(=O)N[C@@H](C(C)C)C(=O)NC4=CC(=CC(=C4)C(=O)[O-])C(=O)[O-])O,1
C[C@@H](C(=O)[O-])NC(=O)[C@@H]1CCC[C@H]1[C@@H]([C@H](CC(C)C)NC(=O)[C@H](CC(=O)N)NC(=O)[C@H](C(C)C)NC(=O)[C@H](CCC(=O)[O-])[NH3+])O,1
CCNC1=CC(=CC(=C1)C(=O)N[C@@H](CC2=CC=CC=C2)[C@@H](C[NH2+]CC3=CC(=CC=C3)C(F)(F)F)O)N4CCCC4=O,1
CC1=C(C=CC(=C1)[C@]2(C(=O)N(C(=N2)N)C)C3=CC=CC(=C3)C4=CN=CC=C4)OC,1
C[C@]1([C@H]([C@@H](OC(=N1)N)C(F)(F)F)F)C2=C(C=CC(=C2)NC(=O)C3=NC=C(C=C3)C#N)F,1
COC1=CC=CC(=C1F)C2=CC(=CC=C2)[C@@]3(C4=[N+](CC(CN4)(F)F)C(=N3)N)C5=CC=NC=C5,1
CC(=O)N[C@@H](CC1=CC=CC=C1)[C@@H](C[NH2+][C@H]2CC(CC3=NN(C=C23)CC(C)(C)C)(C)C)O,1
CC(=O)NC1=C(C=C(C=C1Cl)CN=C(N)NC(=O)CN2C=CC3=C2C=C(C=C3)C#N)Cl,1
CC(=O)N[C@@H](CC1=CC(=CC(=C1)F)F)[C@@H](C[NH2+]C2(CCCCC2)C3=CC(=CC=C3)C(C)(C)C)O,1
CC1(CC2=C(C=C(C=C2)C3=CN=CN=C3)[C@]4(C1)C(=O)N(C(=N4)N)C)C,1
C[C@@H](C(=O)N(C)[C@H](CC1=CC=CC=C1)C(=O)N2CCC[C@@H]2C(=O)OC)NC(=O)[C@H](CC(C)C)NC(=O)C[C@@H]([C@H](CC3=CC=CC=C3)NC(=O)[C@H](CCC(=O)N)N(C)C(=O)[C@H](C(C)C)NC(=O)OC(C)(C)C)O,1
CC(C)(C)C1=CC=CC(=C1)C[NH2+][C@H]2CS(=O)(=O)C[C@H]([C@@H]2O)CC3=CC(=C(C(=C3)F)N)C[C@@H](C(F)(F)F)O,1
C1C([C@@](N=C(O1)N)(CF)C2=C(C=CC(=C2)NC(=O)C3=NC=C(C=C3)C#N)F)(F)F,1
C[C@]1(CCOC(=N1)N)C2=C(C=CC(=C2)NC(=O)C3=NC=C(C=C3)C#N)F,1
CCCCNC(=O)[C@H](C)C[C@@H]([C@H](CC(C)C)NC(=O)[C@H](CCSC)NC(=O)[C@H](CC(C)C)NC(=O)C)O,1
C1COC(=N[C@@]1(C2=C(C=CC(=C2)NC(=O)C3=NC=C(C=C3)C#N)F)C(F)F)N,1
CCC[NH+]1CCC[C@@]12CCN(C2=O)[C@@H](C)C(=O)N[C@@H](CC3=CC=CC=C3)[C@@H](C[NH2+]CC4=CC(=CC=C4)C(C)C)O,1
CC(C)(C)C1=CC=CC(=C1)C[NH2+][C@H]2CS(=O)(=O)C[C@H]([C@@H]2O)CC3=CC4=C(C=C3)NC=C4CC(F)F,1
C[C@H](C1=CC=CC=C1)NC(=O)C2=CC(=CC(=C2)N(C)S(=O)(=O)C)C(=O)N[C@@H](CC3=CC=CC=C3)[C@H](CC(=O)N[C@@H](CC(C)C)C(=O)N[C@@H](C)C(=O)N(C)[C@H](CC4=CC=CC=C4)C(=O)N5CCC[C@H]5C(=O)OC)O,1
CC(=O)N[C@@H](CC1=CC(=CC(=C1)F)F)[C@@H](C[NH2+]C2(CCCCC2)C3=CC(=CC=C3)N4C=CC=N4)O,1
CN1C(=O)[C@@](N=C1N)(C2=CC=NC=C2)C3=CC=CC(=C3)C4=CN=CC=C4,1
CN1C(=O)[C@@](N=C1N)(C2=CSC=C2)C3=CC=CC(=C3)C4=CN=CC=C4,1
C[C@H](C1=CC=C(C=C1)F)NC(=O)C2=CC(=CC(=C2)N(C)S(=O)(=O)C)C(=O)N[C@@H](CC3=CC=CC=C3)[C@@H]([C@H]4C(=O)N(C([NH2+]4)(C)C)C)O,1
C[C@@H](C(=O)N(C)[C@H](CC1CCCCC1)C(=O)[O-])NC(=O)[C@H](CC(C)C)NC(=O)C[C@@H]([C@H](CC2CCCCC2)NC(=O)[C@H](CCC(=O)N)N(C)C(=O)[C@H](C(C)C)NC(=O)[C@H](C)O)O,1
CC1=CC=CC=C1C2=CC3=CC(=C(N=C3C=C2)N)CCC(=O)NC4CCCCC4,1
C1CCC(C1)N2C=C(C=C(C2=O)N3CCCC3=O)C(=O)N[C@@H](CC4=CC=CC=C4)[C@@H](C[NH2+]CC5=CC(=CC=C5)C(F)(F)F)O,1
C1[C@@H]([C@@](N=C(O1)N)(CF)C2=C(C=CC(=C2)NC(=O)C3=NC=C(C=C3)C#N)F)F,1
COCC#CC1=CC(=CC=C1)[C@@]2(C3=[N+](CC(CN3)(F)F)C(=N2)N)C4=CC=C(C=C4)OC(F)F,1
CC1=CC2=CC(=C1)C(=O)N[C@@H](COC/C=C/C[C@@H]([NH2+][C@@H]2O)C3=CC=CC=C3)[C@@H](C[NH2+]CC4=CC(=CC=C4)C(C)C)O,1
CC#CC1=CC(=CN=C1)C2=CC(=CC=C2)[C@]3([NH+]=C(C(=N3)C)N)C4CC4,1
CCN1C=C(C=N1)[C@]2(C(=O)N(C(=N2)N)C)C3=CC=CC(=C3)C4=CN=CN=C4,1
CC1(C[C@@]2(C3=C(O1)C=CC(=C3)C4=CC=CC(=C4)C#N)C(=O)N(C(=N2)N)C)C,1
CCCCN(CCCC)C(=O)N1C=C(C2=CC=CC=C21)C(=O)N[C@@H](CC3=CC=CC=C3)[C@@H](C[NH2+]CC4=CC(=CC=C4)OC)O,1
C[C@]1(C[C@@H]2C[C@@H]2C(=[NH+]1)N)C3=C(C=CC(=C3)NC(=O)C4=NC=C(C=C4)Cl)F,1
CN(C1=CC(=CC(=C1)C(=O)N[C@@H](CC2=CC=CC=C2)[C@@H](C[NH2+]C3CC3)O)C(=O)C4=CC=CC=C4)S(=O)(=O)C,1
C[C@H]1C[C@]2(CC[NH+]1CC3=CC(=C(C=C3)O)OC(C)C)CN(S(=O)(=O)N2C4=CC(=CC=C4)F)C,1
C1=CC=C(C(=C1)C2=CC=C(N2CC3=NC(=CC=C3)N)C4=CC=C(C=C4)OC5=CN=CN=C5)Cl,1
CCCC(CCC)S(=O)(=O)C[C@H](C(=O)N[C@@H](CC1=CC=CC=C1)[C@@H](C[NH2+]CC2=CC(=CC=C2)OC)O)NC(=O)OCC3=CC=CC=C3,0
CCCN(CCC)C(=O)C1=CC(=CC(=C1)C(=O)N[C@@H](CC2=CC(=CC(=C2)F)F)[C@@H]([C@H]3C[NH+](CC[NH2+]3)CC4=CC=CC=C4)O)C,0
C[C@H](C1CCCCC1)NC(=O)[C@H]2C[C@@H](C[C@@H](C2)NS(=O)(=O)C)C(=O)N[C@@H](CC3CCCCC3)[C@H](CC(=O)N[C@@H](CC(C)C)C(=O)N[C@@H](C)C(=O)N(C)[C@H](CC4CCCCC4)C(=O)N5CCC[C@H]5C(=O)OC)O,0
CC(C)(C)C1=CC=CC(=C1)C[NH2+][C@H]2CS(=O)(=O)C[C@H]([C@@H]2O)CC3=CC4=C(C(=C3)F)NCC45CCC(CC5)(F)F,0
C1CC2=CC=CC=C2[C@]3(C1)C[NH2+]C[C@H]3C(=O)N4CC[C@H](C[C@H]4C5=CC=CC=C5)C6=CC=CC=C6,0
CCCN1[C@H](COC1=O)CC2=C(C=CC(=C2)C[C@@H]3CS(=O)(=O)C[C@@H]([C@H]3O)[NH2+]CC4=CC(=CC=C4)C(C)C)O,0
CCCCNC(=O)[C@H](C(C)C)NC(=O)[C@H](C)C[C@@H]([C@@H]1CSC/C=C/CSC[C@@H](C(=O)N[C@H](C(=O)N1)C)NC(=O)OC(C)(C)C)O,0
CC1=C(C=CC(=C1)[C@]2(C(=O)N(C(=N2)N)C)C34CC5CC(C3)CC(C5)C4)OC,0
CC1(CC2=C(C=CC(=C2)Cl)C(=[NH+][C@@H](CC3=CC=CC=C3)C4=NC5=C(C=NC=C5)C(=O)N4)N1)C,0
CCNC1=CC(=CC(=C1)C(=O)N[C@@H](CC2=CC=CC=C2)[C@@H](C[NH2+]C3CCCCC3)O)N4CCCC4=O,0
CCOC1=CN=C(C=C1)C(=O)NC2=CC(=C(C=C2)F)[C@@]3(C(COC(=N3)N)(F)F)C,0
C[C@@H](C(=O)N(C)[C@H](CC1CCCCC1)C(=O)N2CCC[C@H]2C(=O)OC)NC(=O)[C@H](CC(C)C)NC(=O)C[C@@H]([C@H](CC3CCCCC3)NC(=O)[C@H](CCC(=O)N)N(C)C(=O)[C@H](C(C)C)NC(=O)[C@H](C)O)O,0
CCCCNC(=O)[C@H](C)C[C@@H]([C@@H]1CSC/C=C/CS[C@H]2CCC[NH2+][C@H]2C(=O)N[C@H](C(=O)N1)C)O,0
CCCN(CCC)C(=O)C1=CC=CC(=C1)C(=O)N[C@@H](CC2=CC=CC=C2)[C@@H](C[NH2+]CC3=CC(=CC=C3)OC)O,0
CC(C)C[C@@H](C(=O)NC[C@](CCC1=CC=CC=C1)(C(=O)NC2=CC=CC(=C2)C(=O)[O-])O)NC(=O)[C@H](C(C)C)NC(=O)[C@H](CN=C(C3=NNN=N3)[O-])[NH3+],0
C1=CC2=C(C(=C1)F)C(=[NH+][C@@]2(C3=CC(=C(C=C3)F)C4=CN=CN=C4)C5=CC(=NC=C5)C(F)(F)F)N,0
C[C@]1(CC(=O)N(C(=N1)N)C)CCC2=CC(=CC=C2)C3=CC(=CC=C3)OC,0
C[C@H](C1=CC=C(C=C1)F)NC(=O)C2=CC(=CC(=C2)N(C)S(=O)(=O)C)C(=O)OC[C@](CC3=CC=CC=C3)(CO)[NH3+],0
CCC1=C2C=C(C=C(C2=NC=C1)N3CCCC3=O)C(=O)N[C@@H](CC4=CC=CC=C4)[C@@H](C[NH2+]CC5=CC(=CC=C5)C(F)(F)F)O,0
COC1=CC2=C(C=C1)OC3=C([C@@]24COC(=N4)N)C=C(C=C3)C5=C(C=CC(=C5)Cl)F,0
CC1(CC2=C(C=CC(=C2)Cl)C(=[NH+][C@@H](CC3=CSC=C3Br)C(=O)[O-])N1)C,0
C[C@]1(C(=O)N(CC(=[NH+]1)N)C)C2=CC(=CC=C2)NC(=O)C3=NC=C(C=C3)Cl,0
C[C@]1(CC(=O)N(C(=N1)N)C)C2=CC=CC(=C2)C3=CC(=CC=C3)OC,0
CC(C)C1=CC=CC(=C1)C[NH2+]C[C@H]([C@@H]2COC/C=C/C[C@H](NC(=O)C3=CC(=CC(=C3)N(C)S(=O)(=O)C)C(=O)N2)C4=CC=CC=C4)O,0
C1=CC=C(C(=C1)C2=CC=C(N2CC3=NC(=CC=C3)N)C4=CC=C(C=C4)OCCCC#N)Cl,0
C[C@]1([C@@H](COC(=N1)N)F)C2=C(C=CC(=C2)NC(=O)C3=NC=C(C=C3)C#N)F,0
CC1(CC2=C(C=CC(=C2)Cl)C(=[NH+][C@@H](CC3=CSC=C3C4=CNN=C4)C(=O)[O-])N1)C,0
CC1(CC2=C(C=CC(=C2)Cl)C(=[NH+][C@@H](CC3=CC=CC=C3)C4=NC=C(C(=O)N4)C#N)N1)C,0
CC(=O)N[C@@H](CC1=CC(=CC(=C1)F)F)[C@@H](C[NH2+]C2(CC2)C3=CC(=CS3)CC(C)(C)C)O,0
CCCCNC(=O)[C@H](C)C[C@@H]([C@H](CC(C)C)NC(=O)[C@H](CCSC)NC(=O)CCC(C)C)O,0
CCCOC1=CC=C(C=C1)C2=CSC(=C2CC(=O)NC(=[NH2+])N)C3=CC=CC=C3Cl,0
CCCCNC(=O)[C@H](C)C[C@@H]([C@@H]1C[C@@H](CCCCCCCC(=O)N[C@H](C(=O)N1)C)C)O,0
C1=CC=C(C=C1)C2=CC=C(N2CC(=O)NC(=[NH2+])N)C3=CC=C(C=C3)NC(=O)C4=CC(=CC=C4)Br,0
CCCOC1=CC(=CC(=C1)N2CCCC2=O)C(=O)N[C@@H](CC3=CC=CC=C3)[C@@H](C[NH2+][C@@H](C)C(=O)NC4CCCCC4)O,0
CN1C(=O)[C@@](N=C1N)(CCC2CCCCC2)CC3CCCCC3,0
CCCC1=CSC=C1C[C@@H](C(=O)[O-])[NH+]=C2C3=C(CC(N2)(C)C)C=C(C=C3)Cl,0
CC1=NC2=C(S1)[C@@]([NH+]=C2N)(C3=CC=C(C=C3)OC)C4=CC=CC(=C4)C5=CN=CN=C5,0
CC(=O)C1=CC=C(C=C1)OC2=CC=C(C=C2)C3=CC=C(N3CC(=O)NC(=[NH2+])N)C4=CC=CC=C4Cl,0
CC1(CC2=C(C=CC(=C2)Cl)C(=[NH+][C@@H](CC3=CC=CC=C3)C4=NOC(=N4)[O-])N1)C,0
C[C@]1(C[C@@H](OC(=N1)N)C(F)(F)F)C2=C(C=CC(=C2)NC(=O)C3=NC=C(C=C3)C#N)F,0
C1CC1C2=CC=CC(=C2)C[NH2+][C@H]3CS(=O)(=O)C[C@H]([C@@H]3O)CC4=CC(=C(C=C4)O)Br,0
CC(=O)NC1=C(C=C(C=C1Cl)CN=C(N)NC(=O)CN2C=CC3=CC=CC=C32)Cl,0
CCCN(CCC)C(=O)C1=CC(=CC(=C1)C(=O)N[C@@H](CC2=CC(=CC(=C2)F)F)[C@@H]([C@H]3CN(CC[NH2+]3)C(=O)C4=CC=CC=C4)O)C,0
CC(C1=CC=CC(=C1)C[NH2+][C@H]2CS(=O)(=O)C[C@H]([C@@H]2O)CC3=CC(=C(C(=C3)Br)N)F)(F)F,0
C[C@H](C1=CC=C(C=C1)F)NC(=O)C2=CC(=CC(=C2)OS(=O)(=O)CC3=CC=CC=C3)OCC(=O)NCCCCC[NH3+],0
CN1C(=O)[C@@](N=C1N)(C2=CC=CC=C2)C34CC5CC(C3)CC(C5)C4,0
C[C@@H]1CCC2=CC(=CC=C2)C[C@@](C(=O)OCC3=CC(=NC(=C3)N(C)S(=O)(=O)C)CC1)(C)[NH3+],0
CCCCCS(=O)(=O)C1=CC=CC(=C1)C(=O)N[C@@H](CC2=CC=CC=C2)[C@@H](C[NH2+][C@@H](C)C(=O)NC3CCCCC3)O,0
C[C@H]1C[C@]2(CC[NH+]1CC3=CC(=CC=C3)OC(C)C)CN(S(=O)(=O)N2C4=CC(=CC=C4)F)C,0
CC(=O)NC1=CC=C(C=C1)C[NH+]2CCC3(CC2)C(=NC4CCCCC4)NC(=O)N3C5=CC(=CC=C5)F,0
COC1=CC=C(C=C1)[C@]2(COC(=N2)N)C3=CC=CC(=C3)C4=C(N=CC=C4)F,0
CO[C@@H]1C[C@@]([NH+]=C1N)(C2=CC=C(C=C2)OC)C3=CC=CC(=C3)C4=CN=CC=C4,0
COC1=C(C=C(C=C1)[N+](=O)[O-])C[C@@H](C2=CC(=C(C=C2)OC)F)C3=CN=C(N3)N,0
CCCCNC(=O)[C@H](C)C[C@@H]([C@H](CC1=CC=CC=C1)NC(=O)[C@@H]2CCC[C@@H](C2)C(C)(C)NC(=O)C)O,0
C1=CC=C(C=C1)C2=CC=C(N2CC(=O)NC(=[NH2+])N)C3=CC=CC=C3,0
C1CS(=O)(=O)C2=C([C@H]1OC(=O)[C@H]3C[C@@]4(C[NH2+]3)C5=CC=CC=C5NC4=O)C=C(C=C2)Br,0
C1=CC=NC(=C1)COC2=C(C=C(C=C2)C3=CC4=C(C=C3)C=CN4)CNC5=C(N=CC=C5)N,0
CCCN(CCC)C(=O)C1=CC(=CC(=C1)C(=O)N[C@@H](CC2=CC(=CC(=C2)F)F)[C@H](C[NH2+]CC3=CC(=CC=C3)OC)O)C,0
CN1C(=O)C=C(N=C1N)[C@H]2C[C@H]2C3=CC=CC(=C3)C4=CC(=CC=C4)OC,0
C1[C@@H]([NH2+]C[C@@]12C3=CC=CC=C3NC2=O)C(=O)OCC4=CC(=C(C=C4)C#N)Br,0
C[C@@]1([NH+]=C(CCO1)N)C2=CC=CC(=C2)C3=CC(=CC=C3)Cl,0
CC(C)C[C@@]1(C(=O)N(C(=N1)N)CC2=CC=C(C=C2)CNC(=O)NC3=CC=C(C=C3)C#N)C,0
CC[C@@H](CC(=O)NCC1CCCCC1)N2C3=C(C=C(C=C3)Cl)N=C2N,0
COC1=CC=C(C=C1)[C@]2(CCC(=[NH+]2)N)C3=CC=CC(=C3)C4=CN=CN=C4,0
CC[C@@H](CC(=O)NC1C2CC3CC(C2)CC1C3)N4C5=C(C=C(C=C5)Cl)N=C4N,0
C1=CC(=CC(=C1)C2=CC3=C(C=C2)C=CN3)CNC4=C(N=CC=C4)N,0
C1CC[C@]2([C@@H](C1)OC(=N2)N)C3=CC=CC(=C3)C4=CC(=CN=C4)Cl,0
C1[C@@H]([NH2+]C[C@@]12C3=CC=CC=C3NC2=O)C(=O)OCC4=CC=C(C=C4)C#N,0
CC1=CC(=CC=C1)C2=CC=C(C=C2)[C@@H]3C[C@@H]3C4=CC(=O)N(C(=N4)N)C,0
C[C@]1(CC(=O)N(C(=N1)N)C)[C@@H]2C[C@H]2C3=CC=CC=C3,0
C1CSC2=C([C@H]1OC(=O)[C@H]3C[C@@]4(C[NH2+]3)C5=CC=CC=C5NC4=O)C=C(C=C2)Br,0
CC1=C(C=C(C=C1)NC2=NC=NC(=C2)C3=CC=CC=C3)NS(=O)(=O)C,0
COC1=CC=CC(=C1)C2=CC=CC(=C2)CCC3=NC(=CC=C3)N,0
C1CCC(CC1)(C#N)OC(=O)[C@H]2C[C@@]3(C[NH2+]2)C4=CC=CC=C4NC3=O,0
CN(C1CCCCC1)C(=O)CCCN2C3=C(C=C(C=C3)Cl)N=C2N,0
CC1(CC2=CC=CC=C2C(=[NH+][C@@H](CC3=CC=CC=C3)C(=O)[O-])N1)C,0
CC1(C[C@@]2(C3=C(O1)C=CC(=C3)Br)C(=O)N(C(=N2)N)C)C,0
C1CNC2=[N+](C1)C(=NC2(C3=CC=CC=C3)C4=CC=CC=C4)N,0
COC1=CN=CC(=C1)C2=CC=CC(=C2)CNC3=C(N=CC=C3)N,0
C[C@]1(CCSC(=N1)N)C2=CC=C(C=C2)OC,0
C[C@]1(CC(=O)N(C(=N1)N)C)CCC2=CC=CC=C2,0
CCCCNC(=O)NCC1=CC=C(C=C1)CN2C(=O)[C@@](N=C2N)(C)CC(C)C,0
C1=CC(=NC(=C1)N)CCC2=CC3=C(C=C2)C=CN3,0
C1COC[C@@H]2[C@]1(N=C(O2)N)C3=CC=CC(=C3)C4=CN=CN=C4,0
C[C@@]1([NH+]=C(C(=N1)C2=CC=CC=C2)N)C3=CC=CC(=C3)C4=CN=CC=C4,0
C1=CC(=CC(=C1)C2=CN=CC=C2)CNC3=C(N=CC=C3)N,0
C1COCCC1OC(=O)[C@H]2C[C@@]3(C[NH2+]2)C4=CC=CC=C4NC3=O,0
C1=CC(=CC2=C1C=CN2)CCC3=CC(=O)NC(=N3)N,0
CCCCOC1=C(C=C(C=C1)CSC(=[NH2+])N)Cl,0
C[NH+](CC1=CC=CC(=C1)CCC2=C(N=CC=C2)N)CC3=CC=CO3,0
C1=CC=C(C=C1)CNC2=C(N=CC=C2)N,0
CC(C)C[C@@]1(C(=O)N(C(=N1)N)CC2=CC(=CC=C2)Cl)C,0
C1C[NH2+]CCC1CC2=CC=C(C=C2)F,0
CN1C(=O)C=C(N=C1N)[C@H]2C[C@H]2C3=CC=CC=C3,0
CC1(C(=O)N(C(=N1)N)CC2=CC(=CC=C2)Cl)C,0
C1=CC2=C(C=C1Cl)N=C(N2CCCO)N,0
C1CCN(C1)C2=NC3=CC=CC=C3N=C2N,0
C1=CC(=CC(=C1)Cl)CCC2=C(N=CC=C2)N,0
C1=CC=C2C(=C1)C=CN=C2N,0
C1=CC=C2C(=C1)C=CC(=N2)N,0
CC1=CC(=C(C=C1)C)OCC(C[NH+]2CCOCC2)O,0
CCCC1=CC(=O)NC(=N1)N,0
CC(C)CC(C(CC(C)C(=O)NC(C)C(=O)NC(CCC(=O)[O-])C(=O)NC(CC1=CC=CC=C1)C(=O)[O-])O)NC(=O)C(CC(=O)N)NC(=O)C(C(C)C)NC(=O)C(CCC(=O)[O-])NC(=O)C(CO)NC(=O)C(CC2=CNC3=CC=CC=C32)NC(=O)C(CC4=CNC5=CC=CC=C54)[NH3+],1
CC1=CC(=NN1COC(=O)NC(CS(=O)(=O)C)C(=O)NC(CC(C)C)C(CC(C)C(=O)NC(C(C)C)C(=O)NCC(C)C)O)C,1
CC(C)CC(C(CC(C)C(=O)NC(C(C)C)C(=O)NC(CCC(=O)[O-])C(=O)NC(CC1=CC=CC=C1)C(=O)[O-])O)NC(=O)C(CC(=O)[O-])NC(=O)C(CC(C)C)NC(=O)C(CCC(=O)[O-])[NH3+],1
CC1=CC(=CC(=C1)C(=O)N2CCCC2COC)C(=O)NC(CC3=CC(=CC(=C3)F)F)C(C4CC(C[NH2+]4)OC5=CC=CC=C5)O,1
CC1=CC(=CC=C1)S(=O)(=O)N2CC[NH2+]C(C2)C(C(CC3=CC(=CC(=C3)F)F)NC(=O)C4=CC(=CC(=C4)C)C(=O)N5CCCC5COC)O,1
CC(C)C(C(=O)NCC1=CC=CC=C1)NC(=O)C(CC(C(COC2=CC(=CC(=C2)F)F)NC(=O)C3=CC(=CC(=C3)C(=O)NC(C)C4=CC=CC=C4)N(C)S(=O)(=O)C)O)OC,1
CC(C)CC(C(CC(C)C(=O)NC(C)C(=O)NC(CCC(=O)[O-])C(=O)NC(CC1=CC=CC=C1)C(=O)[O-])O)NC(=O)C(CC(=O)N)NC(=O)C(C(C)C)NC(=O)C(CCC(=O)[O-])[NH3+],1
CN1C(=O)C2CN(CC2(N=C1N)C3=CC(=CS3)C4=CC=CC(=C4)C#N)C5=NC(=CC=C5)OC,1
CC(C)CC(C(CC(C)C(=O)NC(C(C)C)C(=O)NC(C)C)O)NC(=O)C1=CC(=CC(=C1)C(=O)NC(C)C2=CC=CC=C2)N(C)S(=O)(=O)C,1
CC#CC1=CC(=CN=C1)C2=CC(=C(S2)C3(CC(=O)N(C(=[NH+]3)N)C)C)Cl,1
CC(C1=CC=CC=C1)NC(=O)C2=CC(=CC(=C2)N(C)S(=O)(=O)C)C(=O)NC(CC3=CC=CC=C3)C(C[NH2+]CC4=CC(=CC=C4)OC)O,1
CN1C(=O)C2CN(CC2(N=C1N)C3=CC(=CS3)C4=CC=CC(=C4)C#N)C(=O)C5=CC=CC=C5,1
CN1C(=O)C2CN(CC2(N=C1N)C3=CC(=CS3)C4=CC=CC(=C4)C#N)C5=C(C=CC=N5)OC,1
CC(C)C(C(=O)NCC1=CC=CC=C1)NC(=O)C(CC(C(COC2=CC(=CC(=C2)F)F)NC(=O)C3=CC(=CC(=C3)C(=O)NC(C)C4=CC=CC=C4)N(C)S(=O)(=O)C)O)OCCOC,1
CC#CC1=CC(=CN=C1)C2=CC(=CC=C2)C3(C(=O)N(C(=[NH+]3)N)C)C4CC4,1
CN1C(=O)C2CN(CC2(N=C1N)C3=CC(=CS3)C4=CC=CC(=C4)C#N)C5=C(C=CC=N5)C#N,1
CN(C1CCCCC1)C(=O)CC[N+]2=C(NC3=C(C2)C=C(C=C3)C(=O)C4=CC=CC=C4)N,1
CCN1C=C2CCS(=O)(=O)N(C3=CC(=CC1=C23)C(=O)NC(CC4=CC=CC=C4)C(C[NH2+]C5CCOCC5)(O)O)C,1
CC1=CC(=CC(=C1NC(=O)C)Cl)CN=C(N)NC(=O)C2=C(SN=C2C3=CC=C(C=C3)OC)C,1
CC(C)CNC(=O)C(C(C)O)[NH2+]CC(CC1=CC=CC=C1)NC(=O)C2=CC(=CC(=C2)C(=O)NC(C)C3=CC=CC=C3)N(C)S(=O)(=O)C,1
CC(C)CC(C(CC(C)C(=O)NC(C(C)C)C(=O)NCC1=CC=CC=C1)O)NC(=O)C2CC(=O)NCCCCCCOC(=O)NC(C(=O)N2)C(C)C,1
CCCN(CCC)C(=O)C1=CC=CC(=C1)C(=O)NC(CC2=CC=CC=C2)C(CC(C)C(=O)NC3=CC=C(C=C3)F)[NH3+],1
C1=CC(=CC(=C1)C2(C3=C(C(=CC=C3)F)C(=[NH+]2)N)C4=CC(=NC=C4)C(F)F)C5=CN=CN=C5,1
CC1=C(C(=NS1)C2=CC=C(C=C2)OC)C(=O)NC(=NCC3=CC(=C(C(=C3)Cl)N)Cl)N,1
CC1(CC(=O)N(C(=N1)N)C)C2=CC(=CS2)C3=CC=CC(=C3)C#N,1
CN1C(=O)C([NH+]=C1N)(C2CC2)C3=CC=CC(=C3)C4=CC(=CN=C4)Cl,1
CN1C(=O)C2CN(CC2(N=C1N)C3=CC=C(S3)C4=CC(=C(C=C4)F)C#N)C5=CC=CC=C5,1
CN1C(=O)C([NH+]=C1N)(C2=CC=CC=C2)C3=CC=CC(=C3)C4=CC(=CC=C4)OC,1
CC1(CC(=O)N(C(=N1)N)C)C2=CC=CC(=C2)C3=CC(=CC=C3)OC,1
CN(C)C1=CC=CC(=C1)C[NH2+]CC(C(CC2=CC=CC=C2)NC(=O)C3CN(C(=O)N3)CC4=CC(=CC=C4)OC)O,1
CN1C(=O)C([NH+]=C1N)(C2=CC=CC=C2)C3=CC=CC(=C3)C4=CN=CC=C4,1
CN(C1CCCCC1)C(=O)CCC(C2CCCCC2)[N+]3=C(NC4=C(C3)C=C(C=C4)OC5=CC=CC=C5)N,1
CN1C(=O)C([NH+]=C1N)(C2=CC=CC=C2)C3=CC=CC=C3,1
CN(C)C1=CC=CC(=C1)C[NH2+]CC(C(CC2=CC=CC=C2)NC(=O)C3(CN(C(=O)N3)CC4=CC=CC=C4)CC5=CC=CC=C5)O,1
CC(C)(C)C#CC1=CC=CC=C1C2=CC3=C(C=C2)N=C(C=C3)N,1
C1CCC(CC1)CNC(=O)CCC2=CC3=CC=CC=C3N=C2N,1
CN(C1CCCCC1)C(=O)CCC2=CC3=CC=CC=C3N=C2N,1
C1=CC2=C(C=CC(=N2)N)C=C1C3=CSC=C3,1
CC1=C(C=CC(=C1)S(=O)(=O)N)OCC(=O)NC2CC[NH+](CC2)CC3=C(C(=CC(=C3)Cl)OC)OC(C)C,1
CC(C)OC1=C(C=C(C=C1OC)Cl)C[NH+]2CCC(CC2)NC(=O)COC3=CC=C(C=C3)S(=O)(=O)N,1
C1CCC(CC1)C2=C(C=CC(=C2)CC[NH3+])O,1
CCC1=C(C=CC(=C1)CC[NH3+])O,1
CC(CC1=CC=C(C=C1)O)[NH3+],1
C1=CC(=CC=C1CC[NH3+])O,1
CC1=CC=CC=C1C2=CC3=CC(=C(N=C3C=C2)N)CC(C)C(=O)NCCC(C)(C)C,1
CCC(C)C1(CCN(C1=O)C(CCC2=CC=CC=C2)C(=O)NC(CC3=CC(=CC(=C3)F)F)C(C4CC(C[NH2+]4)O)O)NC(=O)C,1
CC1=C(C=C(C=C1)CC(C(C[NH2+]C2CC3(CCC3)OC4=C2C=C(C=N4)CC(C)(C)C)O)NC(=O)C)F,1
CC(=O)NC(CC1=CC(=CC=C1)F)C(C[NH2+]C2CC3(CCC3)OC4=C2C=C(C=N4)CC(C)(C)C)O,1
CCCN(CCC)C(=O)C1=CC(=CC(=C1)C(=O)NC(CC2=CC(=CC(=C2)F)F)C(C[NH2+]CC3=CC(=CC=C3)OC)O)/C(=N\OC)/C,1
CCCS(=O)(=O)N(C)C1=CC2=CC(=C1)NCCCCOC3=CC=CC(=C3)CC(NC2=O)C(C[NH2+]CC4=CC(=CC=C4)C(C)C)O,1
CC(C)C1=CC(=CC=C1)C2(CC2)[NH2+]CC(C3CC4=CC(=CC=C4)OCCCCOC5=CC(=CC(=C5)N6CCCC6=O)C(=O)N3)O,1
CCC(C)C1(CCN(C1=O)C(CCC2=CC=CC=C2)C(=O)NC(CC3=CC(=CC(=C3)F)F)C(C4CC(C[NH2+]4)OCC5=CN=CC=C5)O)NC(=O)C,1
CCC(C)C1(CCN(C1=O)C(CCC2=CC=CC=C2)C(=O)NC(CC3=CC(=CC(=C3)F)F)C(C4CC(C[NH2+]4)OCC5=CC=CC=N5)O)NC(=O)C,1
CC(C)(C)CC1=CC2=C(N=C1)OC3(CCC3)CC2[NH2+]CC(C(CC4=CC(=CC(=C4)F)C5=NC=CS5)NC(=O)COC)O,1
CC(C)(C)CC1=CC2=C(N=C1)OC3(CCC3)CC2[NH2+]CC(C(CC4=CC(=CC(=C4)F)C#C)NC(=O)COC)O,1
CC(=O)NC(CC1=CC(=C(C=C1)F)F)C(C[NH2+]C2CC3(CCC3)OC4=C2C=C(C=N4)CC(C)(C)C)O,1
CCCN(CCC)C(=O)C1=CC(=CC(=C1)C(=O)NC(CC2=CC(=CC(=C2)F)F)C(C[NH2+]CC3=CC(=CC=C3)OC)O)C(C)O,1
CCCS(=O)(=O)N(C)C1=CC2=CC(=C1)NCCCCOC3=CC=CC(=C3)CC(NC2=O)C(C[NH2+]C4(CC4)C5=CC=CC(=C5)C(C)C)O,1
CC(C)(C)C1=CC=CC(=C1)C[NH2+]C2CS(=O)(=O)CC(C2O)CC3=CC(=C(C(=C3)F)N)OC(C(F)(F)F)C(F)(F)F,1
CC(C)(C)C1=CC=CC(=C1)C[NH2+]C2CS(=O)(=O)CC(C2O)CC3=CC(=C(C(=C3)F)N)O[C@H](COC)C(F)(F)F,1
CC(C)(C1=CC=CC(=C1)C[NH2+]C2CS(=O)(=O)CC(C2O)CC3=CC(=C(C(=C3)F)N)OC(C(F)(F)F)C(F)(F)F)O,1
CC(C)(CO)C1=CC=CC(=C1)C[NH2+]C2CS(=O)(=O)CC(C2O)CC3=CC(=C(C(=C3)F)N)OC(C(F)(F)F)C(F)(F)F,1
CC(=O)NC(CC1=CC(=C(C=C1)F)OC(F)(F)F)C(C[NH2+]C2CC3(CCC3)OC4=C2C=C(C=N4)CC(C)(C)C)O,1
CC(=O)NC(CC1=CC(=CC=C1)C(F)(F)F)C(C[NH2+]C2CC3(CCC3)OC4=C2C=C(C=N4)CC(C)(C)C)O,1
CC(=O)NC(CC1=CC(=C(C=C1)F)C#N)C(C[NH2+]C2CC3(CCC3)OC4=C2C=C(C=N4)CC(C)(C)C)O,1
CCN1C=C(C=C(C1=O)C)C2(C3=C(C(=CC=C3)F)C(=N2)N)C4=CC(=CC=C4)NC(=O)C5=CC=CC=N5,1
CC1=CC=CC=C1C2=CC3=CC(=C(N=C3C=C2)N)CC(C)C(=O)NCC4CCCCC4,1
CCC1=CC2=C(C=C1)OC3(CCC3)CC2[NH2+]CC(C4CC5=CC=CC(=C5)CCCCN6C=C(C=C(C6=O)N7CCCC7)C(=O)N4)O,1
CCN1C=C(C=C(C1=O)C)C2(C3=C(C(=CC(=C3)F)F)C(=N2)N)C4=CC=CC(=C4)C5=CN=CC(=C5)C#CC,1
CCCOC1CC([NH2+]C1)C(C(CC2=CC(=CC(=C2)F)F)NC(=O)C(CCC3=CC=CC=C3)N4CCC(C4=O)(C(C)CC)NC(=O)C)O,1
CCC(C)C1(CCN(C1=O)C(CCC2=CC=CC=C2)C(=O)NC(CC3=CC(=CC(=C3)F)F)C(C4CC(C[NH2+]4)OC5=CC=CC=C5)O)NC(=O)C,1
CCC(C)C1(CCN(C1=O)C(CCC2=CC=CC=C2)C(=O)NC(CC3=CC(=CC(=C3)F)F)C(C4CC(C[NH2+]4)OC5=CC=CC=N5)O)NC(=O)C,1
CCC(C)C1(CCN(C1=O)C(CCC2=CC=CC=C2)C(=O)NC(CC3=CC(=CC(=C3)F)F)C(C4CC(C[NH2+]4)OCC5=CC(=CC=C5)C(F)(F)F)O)NC(=O)C,1
CC(C)(C)CC1=CC2=C(N=C1)OC3(CCC3)CC2[NH2+]CC(C4CC5=CC=CC(=C5)CCCN6C=C(C=CC6=O)C(=O)N4)O,1
CC(C)(C)CC1=CC2=C(N=C1)OC3(CCC3)CC2[NH2+]CC(C(CC4=C(C=CC(=C4)C#C)F)NC(=O)COC)O,1
CCCN(CCC)C(=O)C1=CC(=CC(=C1)C(=O)NC(CC2=CC(=CC(=C2)F)F)C(C[NH2+]CC3=CC(=CC=C3)OC)O)/C(=N\O)/C,1
CCN1C=C2CCS(=O)(=O)N(C3=CC(=CC1=C23)C(=O)NC(CC4=CC=CC=C4)[C@@H](C[NH2+]CCC(F)(F)F)O)C,1
CCOC1=CC(=CC(=C1)N(C2=CC=CC=C2)S(=O)(=O)C)C(=O)NC(CC3=CC=CC=C3)C(C[NH2+]CC4=CC(=CC=C4)C(F)(F)F)O,1
CCC(C)C1(CCN(C1=O)C(CCC2=CC=CC=C2)C(=O)NC(CC3=CC(=CC(=C3)F)F)C(C4CC(C[NH2+]4)OCC5=CC(=CC=C5)C#N)O)NC(=O)C,1
C[C@H](C(F)(F)F)OC1=C(C(=CC(=C1)CC2CS(=O)(=O)CC(C2O)[NH2+]CC3=CC(=CC=C3)C(C)(C)C)F)N,1
CC(C)C(C(=O)NCC1=CC=CC=C1)NC(=O)C(C)CC(C(COC2=CC(=CC(=C2)F)F)NC(=O)C3=CC(=CC(=C3)C(=O)NC(C)C4=CC=CC=C4)N(C)S(=O)(=O)C)O,1
CC(C(=O)NC(CC1=CC(=CC=C1)C2=NC=CS2)C(C[NH2+]C3CC4(CCC4)OC5=C3C=C(C=N5)CC(C)(C)C)O)O,1
CC(C)C1=CC=CC(=C1)C[NH2+]CC(C2COC/C=C/C[C@@H](NC(=O)C3=CC(=CC(=C3)N(C)S(=O)(=O)C)C(=O)N2)C4=CC=CC=C4)O,1
CC(C)(C)CC1=CC2=C(N=C1)OC3(CCC3)CC2[NH2+]CC(C(CC4=CC(=CC=C4)C#C)NC(=O)COC)O,1
CC(=O)NC(CC1=CC=CC=C1F)C(C[NH2+]C2CC3(CCC3)OC4=C2C=C(C=N4)CC(C)(C)C)O,1
CC(=O)NC(CC1=CC(=C(C=C1)OC)F)C(C[NH2+]C2CC3(CCC3)OC4=C2C=C(C=N4)CC(C)(C)C)O,1
CC(C)C(C(=O)NCC1=CC=CC=C1)NC(=O)C(C)CC(C(COCC2=CC=CC=C2)NC(=O)C3=CC(=CC(=C3)C(=O)NC(C)C4=CC=CC=C4)N(C)S(=O)(=O)C)O,1
CC(C)(C)CC1=CC2=C(N=C1)OC3(CCC3)CC2[NH2+]CC(C(CC4=CC(=C(C=C4)F)C#C)NC(=O)COC)O,1
CC(=O)NC(CC1=CC(=CC=C1)C2=NC=CS2)C(C[NH2+]C3CC4(CCC4)OC5=C3C=C(C=N5)CC(C)(C)C)O,1
CC1=C(C=CC(=C1)CC(C(C[NH2+]C2CC3(CCC3)OC4=C2C=C(C=N4)CC(C)(C)C)O)NC(=O)C)F,1
CCCN(CCC)C(=O)C1=CC(=CC(=C1)C(=O)NC(CC2=CC(=CC(=C2)F)F)C(C[NH2+]CC3=CC(=CC=C3)OC)O)C(=O)C,1
CS(=O)(=O)N(C1=CC=CC=C1)C2=CC(=CC(=C2)C(=O)NC(CC3=CC=CC=C3)C(C[NH2+]CC4=CC(=CC=C4)C(F)(F)F)O)C5CCCC5,1
CC(C)(C)C1=CC=CC(=C1)C[NH2+]C2CS(=O)(=O)CC(C2O)CC3=CC(=C(C(=C3)F)N)O[C@H](COCCOC)C(F)(F)F,1
CC(C)(C)CC1=CC2=C(N=C1)OC3(CCC3)CC2[NH2+]CC(C(CC4=CC(=CC=C4)C5=NC=CS5)NC(=O)COC)O,1
CCC(C)C1(CCN(C1=O)C(CCC2=CC=CC=C2)C(=O)NC(CC3=CC(=CC(=C3)F)F)C(C4CC5=C(C[NH2+]4)C(=CC=C5)OC)O)NC(=O)C,1
CC(=O)NC(CC1=CC(=C(C=C1)F)OC)C(C[NH2+]C2CC3(CCC3)OC4=C2C=C(C=N4)CC(C)(C)C)O,1
CCCC(C1CCN(C1=O)C(CCC2=CC=CC=C2)C(=O)NC(CC3=CC(=CC(=C3)F)F)C(C4CC(C[NH2+]4)OCCC)O)O,1
CCN1C=C2CCS(=O)(=O)N(C3=CC(=CC1=C23)C(=O)NC(CC4=CC=CC=C4)C(C[NH2+]C5CCOCC5)O)C,1
CCN1C=C2CCS(=O)(=O)N(C3=CC(=CC1=C23)C(=O)NC(CC4=CC=CC=C4)[C@@H](CNC5=CC=CC=C5)O)C,1
CCC1=CN2CCS(=O)(=O)N(C3=CC(=CC1=C32)C(=O)NC(CC4=CC=CC=C4)C(C[NH2+]C(C)(C)CCCC(C)C)O)C,1
CCC1=CN2CCS(=O)(=O)N(C3=CC(=CC1=C32)C(=O)N[C@@H](CC4=CC=CC=C4)[C@@H](C[NH2+]C5CCOCC5)O)CC,1
CC(C)C1=CC(=CC(=C1)N(C2=CC=CC=C2)S(=O)(=O)C)C(=O)NC(CC3=CC=CC=C3)C(C[NH2+]CC4=CC(=CC=C4)C(F)(F)F)O,1
CC(C)CC1=CC2=C(N=C1)OC3(CCC3)CC2[NH2+]CC(C(CC4=CC=CC=C4)NC(=O)C)O,1
CCCC(C1CCN(C1=O)C(CCC2=CC=CC=C2)C(=O)NC(CC3=CC(=CC(=C3)F)F)C(C[NH2+]CC4=CC(=CC=C4)OC)O)O,1
CC(C)(C)CC1=CC2=C(N=C1)OC3(CCC3)CC2[NH2+]CC(C(CC4=CC(=CC=C4)C5=CN=CS5)NC(=O)COC)O,1
CC(C)(C)CC1=CC2=C(N=C1)OC3(CCC3)CC2[NH2+]CC(C(CC4=CC5=C(C=C4)OCO5)NC(=O)COC)O,1
CCCOC1CC([NH2+]C1)C(C(CC2=CC(=CC(=C2)F)F)NC(=O)C(CCC3=CC=CC=C3)N4CCC(C4=O)CC(C)C)O,1
CC1=CSC(=N1)C2=CC=CC(=C2)CC(C(C[NH2+]C3CC4(CCC4)OC5=C3C=C(C=N5)CC(C)(C)C)O)NC(=O)COC,1
CCOCC(=O)NC(CC1=CC(=CC=C1)C2=NC=CS2)C(C[NH2+]C3CC4(CCC4)OC5=C3C=C(C=N5)CC(C)(C)C)O,1
CC(=O)NC(CC1=CC=CC=C1)C(C[NH2+]C2CC3(CCC3)OC4=C2C=C(C=N4)CC(C)(C)C)O,1
CCC(C)C1(CCN(C1=O)C(CCC2=CC=CC=C2)C(=O)NC(CC3=CC(=CC(=C3)F)F)C(C4CC(C[NH2+]4)OC5=CN=CC=C5)O)NC(=O)C,1
CCC1=CC2=C(C=C1)OC3(CCC3)CC2[NH2+]CC(C4CC5=CC=CC(=C5)CCCCN6C=C(C=C(C6=O)C7=CC=CC=N7)C(=O)N4)O,1
CCCO/N=C(/C)\C1=CC(=CC(=C1)N(C2=CC=CC=C2)S(=O)(=O)C)C(=O)NC(CC3=CC(=CC(=C3)F)F)[C@H](C[NH2+]CC4=CC(=CC=C4)OC)O,1
CCNC1=CC(=CC(=C1)C(=O)N[C@@H](CC2=CC=CC=C2)[C@@H](C[NH2+]C(C)(C)C3=CC(=CC=C3)C(F)(F)F)O)N4CCCCS4(=O)=O,1
CS(=O)(=O)N(C1=CC=CC=C1)C2=CC(=CC(=C2)N3CCCC3=O)C(=O)NC(CC4=CC=CC=C4)C(C[NH2+]CC5=CC(=CC=C5)C(F)(F)F)O,1
CC(C)(C)C1=CC=CC(=C1)C[NH2+]C2CS(=O)(=O)CC(C2O)CC3=CC(=C(C(=C3)F)N)OCC(F)F,1
CC(C)(C)C1=CC=CC(=C1)C[NH2+]C2CS(=O)(=O)CC(C2O)CC3=CC(=C(C(=C3)F)N)OCC(F)(F)F,1
CC1(C2=C(CO1)C=CC(=C2)C[NH2+]C3CS(=O)(=O)CC(C3O)CC4=CC(=C(C(=C4)F)N)OC(C(F)(F)F)C(F)(F)F)C,1
CC#CCOC1=NC=C(N=C1)C(=O)NC2=CC(=C(C=C2)F)C3(C(COC(=N3)N)(F)F)C,1
CC1=CC(=CN(C1=O)C)C2(C3=C(C(=CC=C3)F)C(=N2)N)C4=CC=CC(=C4)C#CC5CC5,1
CCC(C)C1(CCN(C1=O)C(CCC2=CC=CC=C2)C(=O)NC(CC3=CC(=CC(=C3)F)F)C(C[NH2+]CC4=CC(=CC=C4)OC)O)NC(=O)C,1
CC(C)(C)CC1=CC2=C(N=C1)OC3(CCC3)CC2[NH2+]CC(C(CC4=CC(=C(C=C4)F)C5=NC=CS5)NC(=O)COC)O,1
CC(C)(C)CC1=CC2=C(N=C1)OC3(CCC3)CC2[NH2+]CC(C(CC4=CC(=CC=C4)C5=NC=CS5)NC(=O)C6CCCO6)O,1
CC#CC1=CC(=CN=C1)C2=CC(=CC=C2)C3(C4=C(C(=CC=C4)F)C(=N3)N)C5=CC(=NC=C5)C(F)F,1
CC(=O)NC(CC1=C(C=C(C=C1)F)F)C(C[NH2+]C2CC3(CCC3)OC4=C2C=C(C=N4)CC(C)(C)C)O,1
CC(=O)NC(CC1=CC(=CC(=C1)F)F)C(C[NH2+]C2CC3(CCC3)OC4=C2C=C(C=N4)CC(C)(C)C)O,1
CC(C)(C)CC1=CC2=C(N=C1)OC3(CCC3)CC2[NH2+]CC(C(CC4=CC(=CC=C4)C5=CSC=N5)NC(=O)COC)O,1
CCC1=CN2CCS(=O)(=O)N(C3=CC(=CC1=C32)C(=O)NC(CC4=CC=CC=C4)C(C[NH2+]CCC(F)(F)F)O)C,1
CCC1=CN2CCS(=O)(=O)N(C3=CC(=CC1=C32)C(=O)NC(CC4=CC=CC=C4)C(C[NH2+]C5CCCCC5)O)CC,1
CC(C1=CC=C(C=C1)F)NC(=O)C2=CC(=CC(=C2)C3=NC=C(O3)C(C)(CC4=CC=CC=C4)[NH3+])N(C)S(=O)(=O)C,1
CC(C)(C)CC1=CC(=NO1)C[NH2+]C2CS(=O)(=O)CC(C2O)CC3=CC(=C(C(=C3)F)N)OC(C(F)(F)F)C(F)(F)F,1
CC(C)(C)C1=CC=CC(=C1)C[NH2+]C2CS(=O)CC(C2O)CC3=CC(=C(C(=C3)F)N)OC(CO)C(F)(F)F,1
C[C@@H](C(=O)NC(CC1=CC(=CC=C1)C2=NC=CS2)C(C[NH2+]C3CC4(CCC4)OC5=C3C=C(C=N5)CC(C)(C)C)O)OC,1
CCCCN(C)C(=O)N1C=C(C2=CC=CC=C21)C(=O)NC(CC3=CC(=CC(=C3)F)F)C(C[NH2+]CC4=CC(=CC=C4)OC)O,1
CC(C)C1=CC=CC(=C1)C[NH2+]CC(C2COC/C=C\CCN(C(=O)C3=CC(=CC(=C3)C(=O)N2)N(C)S(=O)(=O)C)C)O,1
CCC1=CN2CCS(=O)(=O)OC3=CC(=CC1=C32)C(=O)NC(CC4=CC=CC=C4)[C@@H](C[NH2+]CC5=CC(=CC=C5)C(F)(F)F)O,1
CCC[NH2+]C[C@H]([C@H](CC1=CC=CC=C1)NC(=O)C2=CC3=C4C(=CN3CC)CCS(=O)(=O)N(C4=C2)C)O,1
CCC1=CN2CS(=O)(=O)N(C3=CC(=CC1=C32)C(=O)NC(CC4=CC=CC=C4)C(C[NH2+]CC5=CC(=CC=C5)OC)O)C,1
CC(C(=O)NC1CCCCC1)[NH2+]CC(C(CC2=CC=CC=C2)NC(=O)C3=CC(=CC=C3)N(C4=CC=CC(=C4)C#N)S(=O)(=O)C)O,1
CCC1=C(C(=CC(=C1)CC2CS(=O)(=O)CC(C2O)[NH2+]CC3=CC(=CC=C3)C(C)(C)C)F)NC(=O)C,1
CC(=O)NC(CC1=CC2=C(C=C1)OCO2)C(C[NH2+]C3CC4(CCC4)OC5=C3C=C(C=N5)CC(C)(C)C)O,1
CCCCN1C=C(C=N1)C2(C(=O)N(C(=N2)N)C)C3=CC=CC(=C3)C4=CN=CN=C4,1
CCCC1=C(C(=CS1)C2=CNN=C2)CC(C(=O)[O-])N=C3C4=C(CC(N3)(C)C)C=C(C=C4)Cl,1
CC(C)(C)C1=CC=CC(=C1)C[NH2+]C2CS(=O)CC(C2O)CC3=CC(=C(C(=C3)F)N)OCC(F)(F)F,1
CCN1C=C(C=C(C1=O)C)C2(C3=C(C(=CC=C3)F)C(=N2)N)C4=CC=CC(=C4)C5=CN=CC(=C5)C#N,1
CC(=O)NC(CC1=CC=C(C=C1)Cl)C(C[NH2+]C2CC3(CCC3)OC4=C2C=C(C=N4)CC(C)(C)C)O,1
CCCCN(C)C(=O)N1C=C(C2=C1N=CC=C2)C(=O)NC(CC3=CC(=CC(=C3)F)F)C(C[NH2+]CC4=CC=CC(=C4)CC)O,1
CC(=O)NC(CC1=CC(=CC(=C1)F)F)C(C[NH2+]C2(CCC(=NO)CC2)C3=CC(=CC=C3)C(C)(C)C)O,1
C/C(=N/OCC1=CC=CC=C1)/C2=CC(=CC(=C2)N(C)S(=O)(=O)C)C(=O)N[C@@H](CC3=CC(=CC(=C3)F)F)[C@H](C[NH2+]CC4=CC(=CC=C4)OC)O,1
C/C(=N/O)/C1=CC(=CC(=C1)N(C2=CC=CC=C2)S(=O)(=O)C)C(=O)N[C@@H](CC3=CC(=CC(=C3)F)F)[C@H](C[NH2+]CC4=CC(=CC=C4)OC)O,1
CCN1C=C2CCS(=O)(=O)N(C3=CC(=CC1=C23)C(=O)NC(CC4=CC=CC=C4)[C@@H](C[NH2+]C5CC5)O)C,1
CCC1=CN2CCS(=O)(=O)N(C3=CC(=CC1=C32)C(=O)NC(CC4=CC=CC=C4)C(C[NH2+]C5CCCCC5)O)C,1
CC(C)C1=CC(=CC=C1)C2(CC2)[NH2+]CC(C3CC4=CC(=CC=C4)OCCCCOC5=CC(=CC(=N5)COC)C(=O)N3)O,1
CC(C)(C)CC1=CC2=C(N=C1)OC3(CCC3)CC2[NH2+]CC(C(CC4=CC(=CC=C4)C5=NC=CS5)NC(=O)[C@@H]6CCCO6)O,1
CC(C)(C)CC1=CC2=C(N=C1)OC3(CCC3)CC2[NH2+]CC(C(CC4=CC(=CC=C4)C5=CC=CC=N5)NC(=O)COC)O,1
CC(C)(C)CC1=CC2=C(N=C1)OC3(CCC3)CC2[NH2+]CC(C(CC4=C(C=CC(=C4)C5=NC=CS5)F)NC(=O)COC)O,1
CC(C)(C)CC1=CC2=C(N=C1)OC3(CCC3)CC2[NH2+]CC(C(CC4=CC(=CC=C4)C5=NC=CO5)NC(=O)COC)O,1
CC(C)(C)CC1=CC2=C(N=C1)OC3(CCC3)CC2[NH2+]CC(C4CC5=CC=CC(=C5)CCCCN6C=C(C=CC6=O)C(=O)N4)O,1
CC(C)(C)CC1=CC2=C(N=C1)OC3(CCC3)CC2[NH2+]CC(C(CC4=CC(=CC=C4)C5=NC=CS5)NC(=O)C(OC)OC)O,1
CCCN(CCC)C(=O)C1=CC(=CC(=C1)C(=O)NC(CC2=CC(=CC(=C2)F)F)C(C[NH2+]CC3=CC(=CC=C3)OC)O)/C(=N\OCC=C)/C,1
CCCN(CCC)C(=O)C1=CC(=CC(=C1)C(=O)NC(CC2=CC(=CC(=C2)F)F)C(C[NH2+]CC3=CC(=CC=C3)OC)O)CCO,1
C/C(=N\OC)/C1=CC(=CC(=C1)N(C2=CC=CC=C2)S(=O)(=O)C)C(=O)NC(CC3=CC(=CC(=C3)F)F)[C@H](C[NH2+]CC4=CC(=CC=C4)OC)O,1
CCCN(CCC)C(=O)C1=CC(=CC(=C1)C(=O)NC(CC2=CC(=CC(=C2)F)F)C(C[NH2+]CC3=CC(=CC=C3)OC)O)OC4=CC=CC=C4,1
CCCN(CCC)C(=O)C1=CC(=CC(=C1)C(=O)NC(CC2=CC(=CC(=C2)F)F)C(C[NH2+]CC3=CC(=CC=C3)OC)O)OC4=CC=C(C=C4)OC,1
CCC(C)[NH2+]C[C@H]([C@H](CC1=CC=CC=C1)NC(=O)C2=CC3=C4C(=CN3CC)CCS(=O)(=O)N(C4=C2)C)O,1
CC1=C(C=CC(=C1)[C@@]2(C(=O)N(C(=N2)N)C)C3=CC(=C(C=C3)F)C4=C(N=CC=C4)F)OC,1
C[C@@H](CC(C(COC1=CC(=CC(=C1)F)F)NC(=O)C2=CC(=CC(=C2)C(=O)NC(C)C3=CC=CC=C3)N(C)S(=O)(=O)C)O)C(=O)NC(C(C)C)C(=O)NCC4=CC=CC=C4,1
CCC1=CC(=CC(=N1)CC)C2(C(=O)N(C(=N2)N)C)C3=CC=CC(=C3)C4=C(N=CC=C4)F,1
CC(C(=O)NC1CCCCC1)[NH2+]CC(C(CC2=CC=CC=C2)NC(=O)C3=CC(=CC=C3)N(C4=CC=C(C=C4)Cl)S(=O)(=O)C)O,1
CN1C(=O)[C@@](N=C1N)(C2=CC=C(C=C2)OC(F)F)C3=CC=CC(=C3)C4=C(N=CC=C4)F,1
CN1C(=O)[C@@](N=C1N)(C2=CC=C(C=C2)OC(F)F)C3=CC=CC(=C3)C#CCF,1
CN1C(=O)[C@@](N=C1N)(C2=CC=C(C=C2)OC(F)F)C3=CC=CC(=C3)C#CCCF,1
CN1C(=O)[C@@](N=C1N)(C2=CC=C(C=C2)OC(F)F)C3=CC=CC(=C3)C#CCCO,1
CN1C(=O)[C@@](N=C1N)(C2=CC=C(C=C2)OC(F)F)C3=CC=CC(=C3)C#CCCCCO,1
CN1C(=O)[C@@](N=C1N)(C2=CC=C(C=C2)OC(F)F)C3=CC(=C(C=C3)F)OCCCF,1
CN1C(=O)[C@@](N=C1N)(C2=CC=C(C=C2)OC(F)F)C3=CC(=CC=C3)OCCC(F)F,1
COC[C@H]1CCCN1C(=O)N2C=C(C3=C2N=CC=C3)C(=O)N[C@@H](CC4=CC(=CC(=C4)F)F)[C@@H](C[NH2+]CC5=CC(=CC=C5)OC)O,1
CC1=CC=CC=C1C2=CC3=CC(=C(N=C3C=C2)N)CC(C)C(=O)NCC4CCOCC4,1
CCC(C)C1(CCN(C1=O)C(CCC2=CC=CC=C2)C(=O)NC(CC3=CC(=CC(=C3)F)F)C(C4CC(C[NH2+]4)OCC5=CC=C(C=C5)F)O)NC(=O)C,1
CCN1C=C(C=N1)C2(C(=O)N(C(=N2)N)C)C3=CC=CC(=C3)C4=C(N=CC=C4)F,1
CCCCN1C=C(C=N1)C2(C(=O)N(C(=N2)N)C)C3=CC=CC(=C3)C4=C(N=CC=C4)F,1
CCC(=O)C1=CC(=CS1)C2(C(=O)N(C(=N2)N)C)C3=CC=CC(=C3)C4=C(N=CC=C4)F,1
CC#CC1=CC(=CN=C1)C2=CC3=C(C=C2)OC(CC34C(=O)N(C(=N4)N)C)(C)C,1
CC(C1=CC(=CC=C1)C(C)(C)C)[NH2+]C2CS(=O)CC(C2O)CC3=CC(=C(C(=C3)F)N)OC(COC)C(F)(F)F,1
CC(C)(C)C1=CC(=C(C=C1)F)C[NH2+]C2CS(=O)CC(C2O)CC3=CC(=C(C(=C3)F)N)OC(COC)C(F)(F)F,1
CC(=O)NC(CC1=CC(=C(C=C1)F)C(F)(F)F)C(C[NH2+]C2CC3(CCC3)OC4=C2C=C(C=N4)CC(C)(C)C)O,1
COC1=CC=CC(=C1)C[NH2+]C[C@@H]([C@H](CC2=CC(=CC(=C2)F)F)NC(=O)C3=CC(=CC=C3)N(C4=CC=CC=C4)S(=O)(=O)C)O,1
CCCN(CCC)C(=O)C1=CC(=CC(=C1)C(=O)NC(CC2=CC(=CC(=C2)F)F)C(C[NH2+]CC3=CC(=CC=C3)OC)O)S(=O)(=O)C4=CC=CC=C4,1
CCN1C=C2CCS(=O)(=O)N(C3=CC(=CC1=C23)C(=O)NC(CC4=CC=CC=C4)[C@@H](C[NH2+]CC#C)O)C,1
CC(C(=O)NC1CCCCC1)[NH2+]CC(C(CC2=CC=CC=C2)NC(=O)C3=CC(=CC=C3)N(C4=CC=C(C=C4)OC)S(=O)(=O)C)O,1
CC(C(=O)NC1CCCCC1)[NH2+]CC(C(CC2=CC=CC=C2)NC(=O)C3=CC(=CC=C3)N(C4=CC(=CC(=C4)Cl)Cl)S(=O)(=O)C)O,1
CC(CC1=C(N=C2C=CC(=CC2=C1)C3=C(C=CC=N3)Cl)N)C(=O)NCCC(C)(C)C,1
CC(=O)NC1(CCN(C1=O)C(CCC2=CC=CC=C2)C(=O)NC(CC3=CC=CC=C3)C(C[NH2+]CC4=CC(=CC=C4)OC)O)CC5CC5,1
CC(C)(C)C1=CC=CC(=C1)C[NH2+]C2CS(=O)(=O)CC(C2O)CC3=CC(=C(C(=C3)F)N)OC4CCC4,1
CC(C)(C)CC1=CC2=C(N=C1)OC3(CCC3)CC2[NH2+]CC(C(CC4=C(C(=CC=C4)C#C)F)NC(=O)COC)O,1
CCC(=O)NC(CC1=CC(=CC=C1)C2=NC=CS2)C(C[NH2+]C3CC4(CCC4)OC5=C3C=C(C=N5)CC(C)(C)C)O,1
C/C(=N/OCC1=CC=CC=C1)/C2=CC(=CC(=C2)N(C3=CC=CC=C3)S(=O)(=O)C)C(=O)N[C@@H](CC4=CC(=CC(=C4)F)F)[C@H](C[NH2+]CC5=CC(=CC=C5)OC)O,1
CCCN(CCC)C(=O)C1=CC(=CC(=C1)C(=O)NC(CC2=CC(=CC(=C2)F)F)C(C[NH2+]CC3=CC(=CC=C3)OC)O)S(=O)(=O)C4=CC=C(C=C4)OC,1
CN1C(=O)[C@@](N=C1N)(C2=CC=C(C=C2)OC(F)F)C3=CC(=C(C=C3)F)C#CCOC,1
CCOC[C@H]1CCCN1C(=O)N2C=C(C3=C2N=CC=C3)C(=O)N[C@@H](CC4=CC(=CC(=C4)F)F)[C@@H](C[NH2+]CC5=CC(=CC=C5)OC)O,1
CC1(CCN(C(=N1)N)C)C2=C(C=CC(=C2)NC(=O)C3=NC=C(C=C3)Cl)F,1
CC(C)(CO)C1=CC=CC(=C1)C[NH2+]C2CS(=O)CC(C2O)CC3=CC(=C(C(=C3)F)N)OC(COC)C(F)(F)F,1
CCN1C=C(C=C(C1=O)C)C2(C3=C(C(=CC=C3)F)C(=N2)N)C4=CC=CC(=C4)C5=CC(=CN=C5)F,1
CCCN(CCC)C(=O)C1=CC(=CC(=C1)C(=O)NC(CC2=CC(=CC(=C2)F)F)C(C[NH2+]CC3=CC(=CC=C3)OC)O)SC4=CC=CC=C4,1
CCN1C=C2CCS(=O)(=O)N(C3=CC(=CC1=C23)C(=O)NC(CC4=CC=CC=C4)C(=O)C[NH2+]C5CCOCC5)C,1
CS(=O)(=O)N(C1=CC=CC=C1)C2=CC(=CC(=C2)C(=O)NC(CC3=CC=CC=C3)C(C[NH2+]CC4=CC(=CC=C4)C(F)(F)F)O)C5=CC=CC=C5,1
CC1=C(C=CC(=C1)[C@]2(C(=O)N(C(=N2)N)C)C3=CC(=C(C=C3)F)C#CCOC)OC(F)F,1
CCCCN(C)C(=O)N1C=C(C2=C1C=CC(=C2)F)C(=O)NC(CC3=CC(=CC(=C3)F)F)C(C[NH2+]CC4=CC(=CC=C4)OC)O,1
CC1(C(COC(=N1)N)(F)F)C2=C(C=CC(=C2)NC(=O)C3=CN=C(C=N3)OCC#C)F,1
CC(C)(C1=CC=CC(=C1)C[NH2+]C2CS(=O)CC(C2O)CC3=CC(=C(C(=C3)F)N)OC(COC)C(F)(F)F)O,1
COC1=CN=CC(=C1)C2=CC(=CC=C2)C3(C4=NCC(CN4C(=N3)N)(F)F)C5=CC=C(C=C5)OC(F)F,1
CC(=O)NC(CC1=CC=C(C=C1)OC(F)(F)F)C(C[NH2+]C2CC3(CCC3)OC4=C2C=C(C=N4)CC(C)(C)C)O,1
CCC1=CN2CCS(=O)(=O)NC3=CC(=CC1=C32)C(=O)NC(CC4=CC=CC=C4)[C@@H](C[NH2+]CC5=CC(=CC=C5)OC)O,1
CC(=O)NC(CC1=CC(=CC(=C1)F)F)C(C[NH2+]C2(CCC3=NC(=NC=C3C2)N)C4=CC(=CC=C4)C(C)(C)C)O,1
CCS(=O)(=O)C1=CC(=CC(=C1)N(C2=CC=CC=C2)S(=O)(=O)C)C(=O)NC(CC3=CC=CC=C3)C(C[NH2+]CC4=CC(=CC=C4)C(F)(F)F)O,1
CC(C)C1=CC=CC(=C1)C[NH2+]CC(C2COC/C=C/CCNC(=O)C3=CC(=CC(=C3)N(C)S(=O)(=O)C)C(=O)N2)O,1
CC1(CCCOC(=N1)N)C2=C(C=CC(=C2)NC(=O)C3=NC=C(C=C3)Cl)F,1
CCC1=CN2CCS(=O)(=O)N(C3=CC(=CC1=C32)C(=O)NC(CC4=CC=CC=C4)C(C[NH2+]C5CCOCC5)O)C,1
CCC1=CN2CCS(=O)(=O)N(C3=CC(=CC1=C32)C(=O)NC(CC4=CC=CC=C4)C(C[NH2+]C)O)C,1
CS(=O)(=O)N(C1=CC=CC=C1)C2=NC=CC(=C2)C(=O)NC(CC3=CC=CC=C3)C(C[NH2+]CC4=CC(=CC=C4)C(F)(F)F)O,1
CC(CC1=C(N=C2C=CC(=CC2=C1)C3=CC=CC=C3C(=O)C)N)C(=O)NCCC(C)(C)C,1
CCC(=O)C1=CC(=CS1)C2(C(=O)N(C(=N2)N)C)C3=CC=CC(=C3)C4=CN=CN=C4,1
CC#CC1=CC=CC(=C1)CC(C(C[NH2+]C2CC3(CCC3)OC4=C2C=C(C=N4)CC(C)(C)C)O)NC(=O)COC,1
CC(C)(C)C1=CC=CC(=C1)C[NH2+]CC(C2COC/C=C/CCNC(=O)C3=CC(=CC(=C3)N(C)S(=O)(=O)C)C(=O)N2)O,1
CC1(CC(=O)N(C(=N1)N)C)C2=CC(=CC=C2)NC(=O)C3=NC=C(C=C3)Cl,1
CCN1C=C(C=C(C1=O)C)C2(C3=C(C(=CC=C3)F)C(=N2)N)C4=CC=CC(=C4)C5=CN=CN=C5,1
CCCN(CCC)C(=O)C1=CC(=CC(=C1)C(=O)NC(CC2=CC(=CC(=C2)F)F)C(C[NH2+]CC3=CC(=CC=C3)OC)O)CC(C)O,1
CCC(CC1=C(N=C2C=CC(=CC2=C1)C3=CC=CC=C3C)N)C(=O)NCC4CCCCC4,1
CC1=C(N=CC=C1)C2=CC3=CC(=C(N=C3C=C2)N)CC(C)C(=O)NCCC(C)(C)C,1
CCCC(C1CCN(C1=O)C(CCC2=CC=CC=C2)C(=O)NC(CC3=CC(=CC(=C3)F)F)C(C4CC(C[NH2+]4)O)O)O,1
CC(C)CCN1C=C(C=N1)C2(C(=O)N(C(=N2)N)C)C3=CC=CC(=C3)C4=C(N=CC=C4)F,1
CCOC(C)C(=O)NC(CC1=CC(=CC=C1)C2=NC=CS2)C(C[NH2+]C3CC4(CCC4)OC5=C3C=C(C=N5)CC(C)(C)C)O,1
CC(C)C1=CC=CC(=C1)C[NH2+]CC(C2COCCCCCNC(=O)C3=CC(=CC(=C3)N(C)S(=O)(=O)C)C(=O)N2)O,1
CCCC1=CC2=C(C=C1)OC3=C(C24COC(=N4)N)C=C(C=C3)C5=CN=CN=C5,1
CC(=O)C1=CC(=CC(=C1)N(C2=CC=CC=C2)S(=O)(=O)C)C(=O)N[C@@H](CC3=CC(=CC(=C3)F)F)[C@H](C[NH2+]CC4=CC(=CC=C4)OC)O,1
CC1=CC2=CC(=N1)OCCCCOC3=CC=CC(=C3)CC(NC2=O)C(C[NH2+]C4(CC4)C5=CC=CC(=C5)C(C)C)O,1
CCCOC1=CC=CC2=C1C[NH2+]C(C2)C(C(CC3=CC(=CC(=C3)F)F)NC(=O)C(CCC4=CC=CC=C4)N5CCC(C5=O)(C(C)CC)NC(=O)C)O,1
CC1=CC(=CN=C1C(=O)NC2=CC(=C(C=C2)F)C3(C(COC(=N3)N)(F)F)C)Cl,1
CCNC1=C(C(=CC(=C1)C(=O)NC(CC2=CC=CC=C2)C(C[NH2+]CC3=CC(=CC=C3)C(F)(F)F)O)N4CCCCS4(=O)=O)OC,1
CCNC1=CC(=CC(=C1)C(=O)NC(CC2=CC=CC=C2)C(C[NH2+]C3CCC4=C3C=C(C=C4)OC)O)N5CCCCS5(=O)=O,1
CC(=O)NC(CC1=CC(=CC(=C1)F)F)C(C[NH2+]C2(CCNC(=O)C2)C3=CC(=CC=C3)C(C)(C)C)O,1
CC(C(=O)NC1CCCCC1)[NH2+]CC(C(CC2=CC=CC=C2)NC(=O)C3=CC(=CC=C3)N(C4=CC(=CC=C4)OC)S(=O)(=O)C)O,1
CC(C)C1=CC=CC(=C1)C[NH2+]CC(C2COCCCCCCNC(=O)C3=CC(=CC(=C3)N(C)S(=O)(=O)C)C(=O)N2)O,1
CC1(CC2=C(C=C(C=C2)C3=CC=CC(=C3)C#N)C4(C1)C(=O)N(C(=N4)N)C)C,1
CC(C)C1=CC=CC(=C1)C[NH2+]C2CS(=O)CC(C2O)CC3=CC(=C(C(=C3)F)N)OC(COC)C(F)(F)F,1
CC(=O)NC(CC1=CC(=C(C=C1)OC)OC)C(C[NH2+]C2CC3(CCC3)OC4=C2C=C(C=N4)CC(C)(C)C)O,1
CCN1C=NC2=C1C=C(C=C2N3CCCC3=O)C(=O)NC(CC4=CC=CC=C4)C(C[NH2+]CC5=CC(=CC=C5)C(F)(F)F)O,1
CCNC1=C2CCCS(=O)(=O)N(C2=CC(=C1)C(=O)NC(CC3=CC=CC=C3)C(C[NH2+]CC4=CC(=CC=C4)C(F)(F)F)O)C,1
CC(=O)NC(CC1=CC(=CC(=C1)F)F)C(C[NH2+]C2(CCC(CC2)NO)C3=CC(=CC=C3)C(C)(C)C)O,1
CC(C)C1=CC=CC(=C1)C[NH2+]CC(C2CC3=CC(=CC=C3)OCCCCNC4=CC(=CC(=C4)C(=O)N2)N5COC=C5)O,1
CCCCC1CCN(C1=O)C(CCC2=CC=CC=C2)C(=O)NC(CC3=CC(=CC(=C3)F)F)C(C4CC(C[NH2+]4)OCCC)O,1
CC1(CC2(C3=C(O1)C=CC(=C3)C4=CC(=CN=C4)Cl)C(=O)N(C(=N2)N)C)C,1
CC1(C(COC(=N1)N)(F)F)C2=C(C=CC(=C2)NC(=O)C3=NN(C=C3Cl)C(F)F)F,1
CC(C)(C)CC1=CC(=NO1)C[NH2+]C2CS(=O)CC(C2O)CC3=CC(=C(C(=C3)F)N)OC(COC)C(F)(F)F,1
CCCN(CCC)C(=O)C1=CC(=CC(=C1)C(=O)NC(CC2=CC(=CC(=C2)F)F)[C@H](C[NH2+]CC3=CC(=CC=C3)OC)O)C,1
CCCN(CCC)C(=O)C1=CC(=CC(=C1)C(=O)NC(CC2=CC(=CC(=C2)F)F)C(C[NH2+]CC3=CC(=CC=C3)OC)O)C(C)NC(=O)C,1
CCN1C=C2CCS(=O)(=O)N(C3=CC(=CC1=C23)C(=O)NC(CC4=CC=CC=C4)[C@@H](C[NH2+]CC(F)F)O)C,1
CCC1=CN2CCS(=O)(=O)N(C3=CC(=CC1=C32)C(=O)NC(CC4=CC=CC=C4)C(C[NH2+]C5CC5)O)C,1
CCC1=CN2CCS(=O)(=O)N(C3=CC(=CC1=C32)C(=O)NC(CC4=CC=CC=C4)C(C[NH2+]C5CC5)O)CC,1
C1CNC2=[N+](C1)C(=N[C@]2(C3=CC=C(C=C3)OC(F)(F)F)C4=CC=CC(=C4)C5=C(N=CC=C5)F)N,1
CC1=C(C=CC(=C1)C2(C(=O)N(C(=N2)N)C)C3=CC(=C(C=C3)F)C4=CN=CN=C4)OC,1
CC1=C(C=CC(=C1)C2(C(=O)N(C(=N2)N)C)C3=CC=CC(=C3)C4=C(N=CC=C4)F)OC,1
CC(C1=CC=C(C=C1)F)NC(=O)C2=CC(=CC(=C2)C3=CC=C(O3)C(C)(CC4=CC=CC=C4)[NH3+])N(C)S(=O)(=O)C,1
CC(C(=O)NC1CCCCC1)[NH2+]CC(C(CC2=CC=CC=C2)NC(=O)C3=CC(=CC=C3)N(C4=CC=C(C=C4)C(F)(F)F)S(=O)(=O)C)O,1
CN1C(=O)[C@@](N=C1N)(C2=CC=C(C=C2)OC(F)F)C3=CC=CC(=C3)/C(=C\C4CC4)/F,1
CN1C(=O)[C@@](N=C1N)(C2=CC=C(C=C2)OC(F)F)C3=CC=CC(=C3)/C=C/COC,1
CN1C(=O)[C@@](N=C1N)(C2=CC=C(C=C2)OC(F)F)C3=CC=CC(=C3)/C=C/CCOC,1
CC#CC1=CC(=CC=C1)[C@@]2(C(=O)N(C(=N2)N)C)C3=CC=C(C=C3)OC(F)F,1
CC(C)C#CC1=CC(=CC=C1)[C@@]2(C(=O)N(C(=N2)N)C)C3=CC=C(C=C3)OC(F)F,1
CN1C(=O)[C@@](N=C1N)(C2=CC=C(C=C2)OC(F)F)C3=CC=CC(=C3)C#CC4CC4,1
CN1C(=O)[C@@](N=C1N)(C2=CC=C(C=C2)OC(F)F)C3=CC=CC(=C3)C#CCOC,1
CN1C(=O)[C@@](N=C1N)(C2=CC=C(C=C2)OC(F)F)C3=CC=CC(=C3)C#CCCOC,1
C[C@H](C#CC1=CC(=CC=C1)[C@@]2(C(=O)N(C(=N2)N)C)C3=CC=C(C=C3)OC(F)F)O,1
CN1C(=O)[C@@](N=C1N)(C2=CC=C(C=C2)OC(F)F)C3=CC(=CC=C3)OCC4CC4,1
CN1C(=O)[C@@](N=C1N)(C2=CC=C(C=C2)OC(F)F)C3=CC(=C(C=C3)F)C#CC4CC4,1
CC1=C(C=CC(=C1)[C@]2(C(=O)N(C(=N2)N)C)C3=CC(=C(C=C3)F)C#CC4CC4)OC(F)F,1
CC1=C(C=CC(=C1)[C@]2(C(=O)N(C(=N2)N)C)C3=CC(=C(C=C3)F)C#CCF)OC(F)F,1
CC1=CC=CC=C1C2=CC3=CC(=C(N=C3C=C2)N)CC(C)C(=O)NCC4=CC=CC=C4,1
CC(C)(C)CCN1C=C(C=N1)C2(C(=O)N(C(=N2)N)C)C3=CC=CC(=C3)C4=CN=CN=C4,1
CN1C(=O)C(N=C1N)(C2=CC=CC(=C2)C3=CN=CN=C3)C4=CN(N=C4)CCC5CCCCC5,1
CC(C)CN1C=C(C=N1)C2(C(=O)N(C(=N2)N)C)C3=CC=CC(=C3)C4=C(N=CC=C4)F,1
CC(C)(C)CCN1C=C(C=N1)C2(C(=O)N(C(=N2)N)C)C3=CC=CC(=C3)C4=C(N=CC=C4)F,1
CCC(CC)CN1C=C(C=N1)C2(C(=O)N(C(=N2)N)C)C3=CC=CC(=C3)C4=C(N=CC=C4)F,1
CN1C(=O)C(N=C1N)(C2=CC=CC(=C2)C3=C(N=CC=C3)F)C4=CN(N=C4)C5CCCC5,1
CC(C)(C)CC1=CC2=C(N=C1)OC3(CCC3)CC2[NH2+]CC(C(CC4=CC5=C(C=C4)OCO5)NC(=O)C6CCCO6)O,1
CS(=O)(=O)N(C1=CC=CC=C1)C2=CN=CC(=C2)C(=O)NC(CC3=CC=CC=C3)C(C[NH2+]CC4=CC(=CC=C4)C(F)(F)F)O,1
CCCOC1CC([NH2+]C1)C(C(CC2=CC(=CC(=C2)F)F)NC(=O)C(CCC3=CC=CC=C3)N4CCC(C4=O)C(C)C)O,1
CC(C)(C)CN1C=C(C=N1)C[NH2+]C2CS(=O)CC(C2O)CC3=CC(=C(C(=C3)F)N)OC(COC)C(F)(F)F,1
CCCN(CCC)C(=O)C1=CC(=CC(=C1)C(=O)NC(CC2=CC(=CC(=C2)F)F)C(C[NH2+]CC3=CC(=CC=C3)OC)O)OC4=CC=C(C=C4)F,1
CCC1=CN2CCS(=O)(=O)N(C3=CC(=CC1=C32)C(=O)N[C@@H](CC4=CC=CC=C4)[C@@H](C[NH2+]C(C)CC)O)C,1
CC1=C(C=CC(=C1)[C@]2(C(=O)N(C(=N2)N)C)C3=CC=CC(=C3)C#CC4CC4)OC(F)F,1
CC1(CC2(C3=C(S1)C=CC(=C3)C4=CC(=CN=C4)Cl)C(=O)N(C(=N2)N)C)C,1
COC1=CC=C(C=C1)C2(C3=NCCCN3C(=N2)N)C4=CC=CC(=C4)C5=CC(=CC(=C5)Cl)Cl,1
CC(=O)NC(CC1=CC2=C(C=C1)OCCO2)C(C[NH2+]C3CC4(CCC4)OC5=C3C=C(C=N5)CC(C)(C)C)O,1
CC[NH2+]C[C@H]([C@H](CC1=CC=CC=C1)NC(=O)C2=CC3=C4C(=CN3CC)CCS(=O)(=O)N(C4=C2)C)O,1
CCNC1=C(C(=CC(=C1)C(=O)NC(CC2=CC=CC=C2)C(C[NH2+]CC3=CC(=CC=C3)C(F)(F)F)O)N4CCCCS4(=O)=O)C,1
CCN1C=CC2=C1C=C(C=C2N3CCCC3=O)C(=O)NC(CC4=CC=CC=C4)C(C[NH2+]CC5=CC(=CC=C5)C(F)(F)F)O,1
CCC1=CN2CS(=O)(=O)N(C3=CC(=CC1=C32)C(=O)NC(CC4=CC=CC=C4)C(C[NH2+]C(C)(C)CCCC(C)C)O)C,1
CCC1=CN2CCS(=O)(=O)N(C3=CC(=CC1=C32)C(=O)NC(CC4=CC=CC=C4)C(C[NH2+]C5CCOCC5)O)C(C)C,1
CS(=O)(=O)N(C1=CC=CC=C1)C2=CC=CC(=C2)C(=O)NC(CC3=CC=CC=C3)C(C[NH2+]CC4=CC(=CC=C4)C(F)(F)F)O,1
CCCCN(C)C(=O)N1C=C(C2=C1N=CC=C2)C(=O)NC(CC3=CC=CC=C3)C(C[NH2+]CC4=CC(=CC=C4)Br)O,1
CCCOC1CC([NH2+]C1)C(C(CC2=CC(=CC(=C2)F)F)NC(=O)C(CCC3=CC=CC=C3)N4CCC(C4=O)COC)O,1
CC1(CC2(C3=C(S1)C=CC(=C3)C4=CC(=CC(=C4)Cl)F)C(=O)N(C(=N2)N)C)C,1
CC1(CCOCC(=N1)N)C2=C(C=CC(=C2)NC(=O)C3=NC=C(C=C3)Cl)F,1
C1C(CN2C(=N1)C(N=C2N)(C3=CC=C(C=C3)OC(F)F)C4=CC=CC(=C4)C5=CN=CN=C5)(F)F,1
CC(=O)NC(CC1=CC(=CC(=C1)F)F)C(C[NH2+]C2(CCC(CC2)O)C3=CC(=CC=C3)C(C)(C)C)O,1
CC(=O)NC(CC1=CC(=CC(=C1)F)F)C(C[NH2+]C2(CCC(CC2)SC)C3=CC(=CC=C3)C(C)(C)C)O,1
C1CCC(CC1)C2CC(CCN2C(=O)C3C[NH2+]CC34CCCC5=C4C=CC(=C5)Br)C6=CC=CC=C6,1
CCOC1=C(C(=CC(=C1)CC2CS(=O)(=O)CC(C2O)[NH2+]CC3=CC(=CC=C3)C(C)(C)C)F)N,1
CC1(CC2=C(C=C(C=C2)C3=CC(=CC(=C3)Cl)F)C4(C1)C(=O)N(C(=N4)N)C)C,1
CCCO/N=C(/C)\C1=CC(=CC(=C1)N2CCCCS2(=O)=O)C(=O)NC(CC3=CC(=CC(=C3)F)F)[C@H](C[NH2+]CC4=CC(=CC=C4)OC)O,1
CC(C)C1=CC=CC(=C1)C[NH2+]CC(C(CC2=CC=CC=C2)NC(=O)C3CCCC(C3)C(C)(C)N4CCCC4=O)O,1
CS(=O)(=O)N(C1=CN=CC=C1)C2=CC=CC(=C2)C(=O)NC(CC3=CC=CC=C3)C(C[NH2+]CC4=CC(=CC=C4)C(F)(F)F)O,1
CCCCC1CCN(C1=O)C(CCC2=CC=CC=C2)C(=O)NC(CC3=CC(=CC(=C3)F)F)C(C4CC(C[NH2+]4)O)O,1
CC(C)(C)C1=CC=CC(=C1)C[NH2+]C2CS(=O)(=O)CC(C2O)CC3=CC(=C(C(=C3)F)N)OC4COC4,1
CC1(C(COC(=N1)N)(F)F)C2=C(C=CC(=C2)NC(=O)C3=CN=C(C=N3)OCC(F)(F)F)F,1
CCC1=CNC2=C1C=C(C=C2N3CCCC3=O)C(=O)NC(CC4=CC=CC=C4)C(C[NH2+]CC5=CC(=CC=C5)C(F)(F)F)O,1
CCN1CC[NH+]2CCS(=O)(=O)N(C3C2C1=CC(=C3)C(=O)NC(CC4=CC=CC=C4)C(C[NH2+]CC5=CC(=CC=C5)C(F)(F)F)O)C,1
CCNC1=C2CCCS(=O)(=O)N(C2=CC(=C1)C(=O)NC(CC3=CC=CC=C3)C(C[NH2+]CCC(F)(F)F)O)C,1
CC1=C(C=CC=C1N(C2=CC=CC=C2)S(=O)(=O)C)C(=O)NC(CC3=CC=CC=C3)C(C[NH2+]CC4=CC(=CC=C4)C(F)(F)F)O,1
CCOC[C@H]1CCCCN1C(=O)N2C=C(C3=C2N=CC=C3)C(=O)N[C@@H](CC4=CC(=CC(=C4)F)F)[C@@H](C[NH2+]CC5=CC(=CC=C5)OC)O,1
CC#CC1=CC(=CN=C1)C2=CC(=CC=C2)C3(N=C(C(=N3)N)C)C4=CC(=C(C(=C4)C)OC)C,1
CC1(C(COC(=N1)N)(F)F)C2=C(C=CC(=C2)NC(=O)C3=NC=C(C=C3)Cl)F,1
CC1(C(COC(=N1)N)(F)F)C2=C(C=CC(=C2)NC(=O)C3=C(C=C(C=N3)Cl)Cl)F,1
CC(C)(C)CC1=CC2=C(N=C1)OC3(CCC3)CC2[NH2+]CC(C(CC4=CC5=C(C=C4)OCO5)NC(=O)C6=CN=CC=C6)O,1
C/C(=N/OCC=C)/C1=CC(=CC(=C1)N(C2=CC=CC=C2)S(=O)(=O)C)C(=O)N[C@@H](CC3=CC(=CC(=C3)F)F)[C@H](C[NH2+]CC4=CC(=CC=C4)OC)O,1
CCCN(CCC)C(=O)C1=CC(=CC(=C1)C(=O)NC(CC2=CC(=CC(=C2)F)F)C(C[NH2+]CC3=CC(=CC=C3)OC)O)SC4=CC=C(C=C4)OC,1
CC1=CC2=CC(=N1)NCCCCOC3=CC=CC(=C3)CC(NC2=O)C(C[NH2+]CC4=CC(=CC=C4)C(C)C)O,1
CC1=CC=CC=C1C2=CC3=CC(=C(N=C3C=C2)N)CC(C(C)C)C(=O)NCC4CCCCC4,1
CC1(C(COC(=N1)N)(F)F)C2=C(C=CC(=C2)NC(=O)C3=CN=C(C=N3)OC)F,1
C1C2C1(N=C(COC2)N)C3=C(C=CC(=C3)NC(=O)C4=NC=C(C=C4)Cl)F,1
CCN1C2=C(C=N1)C(=CC(=C2)C(=O)NC(CC3=CC=CC=C3)C(C[NH2+]CC4=CC(=CC=C4)C(F)(F)F)O)N5CCCC5=O,1
CCC1=CN2CCCS(=O)(=O)NC3=CC(=CC1=C32)C(=O)NC(CC4=CC=CC=C4)C(CNC5=CC=C(C=C5)OC)O,1
CC(C)CCN(C)C(=O)N1C=C(C2=C1N=CC=C2)C(=O)NC(CC3=CC(=CC(=C3)F)F)C(C[NH2+]CC4=CC(=CC=C4)OC)O,1
CC(C)(C)C1=CC=CC(=C1)C[NH2+]C2CS(=O)(=O)CC(C2O)CC3=CC(=C(C(=C3)F)N)C4=CC=NN4,1
CC1(CC2(C3=C(O1)C=CC(=C3)C4=CC(=CC(=C4)Cl)Cl)C(=O)N(C(=N2)N)C)C,1
CC1(CC2(C3=C(O1)C=CC(=C3)C4=CC(=CC=C4)OC(F)F)C(=O)N(C(=N2)N)C)C,1
COC1=CC(=C(C=C1)F)C2=CC(=CC=C2)C3(C4=NCC(CN4C(=N3)N)(F)F)C5=CC=NC=C5,1
CC(C(=O)NC(CC1=CC2=C(C=C1)OCO2)C(C[NH2+]C3CC4(CCC4)OC5=C3C=C(C=N5)CC(C)(C)C)O)F,1
CCC1=CN2CCS(=O)(=O)N(C3=CC(=CC1=C32)C(=O)NC(CC4=CC=CC=C4)C(C[NH2+]C5CCOCC5)O)CC(F)(F)F,1
C1CCC(CC1)C2CC(CCN2C(=O)C3C[NH2+]CC34CCCC5=C4C=CC(=N5)Cl)C6=CC=CC=C6,1
CC(C)(C)CC1=CC2=C(N=C1)OC3(CCC3)CC2[NH2+]CC(C(CC4=CC=C(C=C4)C5=NC=CS5)NC(=O)COC)O,1
C1CON=C2N1C(=NC2(C3=CC=C(C=C3)OC(F)(F)F)C4=CC=CC(=C4)C5=C(N=CC=C5)F)N,1
CC1=C(C=CC(=C1)C2(C(=O)N(C(=N2)N)C)C3=CC=CC(=C3)C4=CN=CN=C4)OC,1
CCC1=NC=CC(=C1)[C@]2(C(=O)N(C(=N2)N)C)C3=CC=CC(=C3)C4=CN=CN=C4,1
CN1C(=O)C(N=C1N)(C2=CC=NC=C2)C3=CC=CC(=C3)C4=CC(=CC=C4)OC,1
CN1C(=O)C(N=C1N)(C2=CC=NC=C2)C3=CC=CC(=C3)C4=C(N=CC=C4)F,1
CN1C(=O)[C@@](N=C1N)(C2=CC=C(C=C2)OC)C3=CC=CC(=C3)C4=C(N=CC=C4)F,1
CN1C(=O)[C@@](N=C1N)(C2=CC=C(C=C2)OCCF)C3=CC=CC(=C3)C4=C(N=CC=C4)F,1
CCCCC1=CC(=CC=C1)[C@@]2(C(=O)N(C(=N2)N)C)C3=CC=C(C=C3)OC(F)F,1
CN1C(=O)[C@@](N=C1N)(C2=CC=C(C=C2)OC(F)F)C3=CC=CC(=C3)/C=C/CC(F)F,1
CCCC#CC1=CC(=CC=C1)[C@@]2(C(=O)N(C(=N2)N)C)C3=CC=C(C=C3)OC(F)F,1
CN1C(=O)[C@@](N=C1N)(C2=CC=C(C=C2)OC(F)F)C3=CC(=CC=C3)OCC(F)F,1
CN1C(=O)[C@@](N=C1N)(C2=CC=C(C=C2)OC(F)F)C3=CC(=C(C=C3)F)OCCC=C(F)F,1
CN1C(=O)[C@@](N=C1N)(C2=CC=C(C=C2)OC(F)F)C3=CC(=CC=C3)OCCC=C(F)F,1
CCCC#CC1=C(C=CC(=C1)[C@@]2(C(=O)N(C(=N2)N)C)C3=CC(=C(C=C3)OC(F)F)C)F,1
COC[C@H]1CCCCN1C(=O)N2C=C(C3=C2N=CC=C3)C(=O)N[C@@H](CC4=CC(=CC(=C4)F)F)[C@@H](C[NH2+]CC5=CC(=CC=C5)OC)O,1
CCCCN(C)C(=O)N1C=C(C2=C1C=CC(=C2)Cl)C(=O)NC(CC3=CC(=CC(=C3)F)F)C(C[NH2+]CC4=CC(=CC=C4)OC)O,1
CC(C)CN1C=C(C=N1)C2(C(=O)N(C(=N2)N)C)C3=CC=CC(=C3)C4=CN=CN=C4,1
CC(C)CCN1C=C(C=N1)C2(C(=O)N(C(=N2)N)C)C3=CC=CC(=C3)C4=CN=CN=C4,1
CCN1C=C(C=N1)C2(C(=O)N(C(=N2)N)C)C3=CC(=C(C=C3)F)C4=C(N=CC=C4)F,1
CN1C(=O)C(N=C1N)(C2=CC=CC(=C2)C3=C(N=CC=C3)F)C4=CN(N=C4)CC(F)(F)F,1
CN1C(=O)C(N=C1N)(C2=CC(=C(C=C2)F)C3=C(N=CC=C3)F)C4=CSC=C4,1
CC1(CC2=C(C=C(C=C2)C3=C(N=CC=C3)F)C4(C1)C(=O)N(C(=N4)N)C)C,1
CC1(CC2=C(C=C(C=C2)C3=CC(=CN=C3)Cl)C4(C1)C(=O)N(C(=N4)N)C)C,1
C1C(CN2C(=N1)C(N=C2N)(C3=CC=C(C=C3)OC(F)F)C4=CC=CC(=C4)C5=C(N=CC=C5)F)(F)F,1
CCCN(CCC)C(=O)C1=CC=CC(=C1)C(=O)NC(CC2=CC(=CC(=C2)F)F)C(C[NH2+]CC3=CC(=CC=C3)OC)O,1
C/C(=N/OCC1=CC=CC=C1)/C2=CC(=CC(=C2)N3CCCCS3(=O)=O)C(=O)N[C@@H](CC4=CC(=CC(=C4)F)F)[C@H](C[NH2+]CC5=CC(=CC=C5)OC)O,1
CC1=CC=CC=C1C2=CC3=CC(=C(N=C3C=C2)N)CC(C)C(=O)NCC4=CN=CS4,1
CCC(C)C1(CCN(C1=O)C(C)C(=O)NC(CC2=CC(=CC(=C2)F)F)C(C3CC(C[NH2+]3)O)O)NC(=O)C,1
CC1(COCC(=N1)N)C2=C(C=CC(=C2)NC(=O)C3=NC=C(C=C3)Cl)F,1
CC1(CCC2(CC2)C(=N1)N)C3=C(C=CC(=C3)NC(=O)C4=NC=C(C=C4)Cl)F,1
CCN1C=C2CCS(=O)(=O)N(C3=CC(=CC1=C23)C(=O)NC(CC4=CC=CC=C4)[C@@H](C[NH2+]CC(C(F)(F)F)(F)F)O)C,1
CC(C)CCCC(C)[NH2+]CC(C(CC1=CC=CC=C1)NC(=O)C2=CC(=CC=C2)N(C3=CC=CC=C3)S(=O)(=O)C)O,1
CCCCCN(C)C(=O)N1C=C(C2=C1N=CC=C2)C(=O)NC(CC3=CC(=CC(=C3)F)F)C(C[NH2+]CC4=CC(=CC=C4)OC)O,1
COCC1CCN(C1=O)C(CCC2=CC=CC=C2)C(=O)NC(CC3=CC(=CC(=C3)F)F)C(C[NH2+]CC4=CC(=CC=C4)OC)O,1
CCOC[C@@H](C(F)(F)F)OC1=C(C(=CC(=C1)CC2CS(=O)(=O)CC(C2O)[NH2+]CC3=CC(=CC=C3)C(C)(C)C)F)N,1
CC1(C(COC(=N1)N)(F)F)C2=C(C=CC(=C2)NC(=O)C3=NC=C(C=C3)C#C)F,1
CC1(C[NH+](CC(=N1)N)C)C2=CC(=CC=C2)NC(=O)C3=NC=C(C=C3)Cl,1
CC(=O)NC(CC1=CC(=CC(=C1)F)F)C(C[NH2+]C2(CCC(CC2)C(F)(F)F)C3=CC(=CC=C3)C(C)(C)C)O,1
CCCCN(C)C(=O)N1C=C(C2=C1N=CC=C2)C(=O)NC(CC3=CC(=CC(=C3)F)F)C(C[NH2+]CC4=CC(=CC=C4)OC)O,1
CC(C)(C)CC1=CC2=C(N=C1)OC3(CCC3)CC2[NH2+]CC(C(CC4=CC(=CC=C4)C5=CC=NC=C5)NC(=O)COC)O,1
CC(C)(C)C1=CC=CC(=C1)C[NH2+]C2CS(=O)CC(C2O)CC3=CC(=C(C(=C3)F)N)OC,1
CC(C)(C)CC1=CC2=C(N=C1)OC3(CCC3)CC2[NH2+]CC(C(CC4=CC5=C(C=C4)OCO5)NC(=O)C6=C(N=CC=C6)F)O,1
CCN1C2=C(C(=CC(=C2)C(=O)NC(CC3=CC=CC=C3)C(C[NH2+]CC4=CC(=CC=C4)C(F)(F)F)O)N5CCCC5=O)N=N1,1
C1CNC2=[N+](C1)C(=NC2(C3=CC=C(C=C3)OC(F)(F)F)C4=CC=CC(=C4)C5=CN=CN=C5)N,1
CC1=CC=CC=C1C2=CC3=CC(=C(N=C3C=C2)N)CCC(=O)NCC4CCCCC4,1
CCC(C)C1(CCN(C1=O)C(CCC2=CC=CC=C2)C(=O)NC(CC3=CC(=CC(=C3)F)F)C(C4CC(C[NH2+]4)[NH3+])O)NC(=O)C,1
CCCOC1CC([NH2+]C1)C(C(CC2=CC(=CC(=C2)F)F)NC(=O)C(C)N3CCC(C3=O)CC(C)C)O,1
C1=CC2=C(C(=C1)F)C(=NC2(C3=CC(=C(C=C3)F)C4=CN=CN=C4)C5=CC(=NC=C5)C(F)F)N,1
CC(=O)NC(CC1=CC(=C(C=C1)OC(F)F)OC(F)F)C(C[NH2+]C2CC3(CCC3)OC4=C2C=C(C=N4)CC(C)(C)C)O,1
CN1C(=O)C(N=C1N)(C2=CC(=C(C=C2)OC)Cl)C3=CC=CC(=C3)C4=CN=CC=C4,1
CC1=NC2=C(C=C1)C3(CCC2)C[NH2+]CC3C(=O)N4CCC(CC4C5CCCCC5)C6=CC=CC=C6,1
CC(C)(C)C1=CC=CC(=C1)C[NH2+]C2CS(=O)(=O)CC(C2O)CC3=CC(=C(C=C3)N)OCC(F)(F)F,1
CC(C)(C)CN1C=C(C=N1)C[NH2+]C2CS(=O)(=O)CC(C2O)CC3=CC(=C(C(=C3)F)N)OC(C(F)(F)F)C(F)(F)F,1
CC1(CC2(C3=C(O1)C=CC(=C3)C4=C(C=CC(=C4)Cl)F)C(=O)N(C(=N2)N)C)C,1
CC1(C(COC(=N1)N)(F)F)C2=C(C=CC(=C2)NC(=O)C3=NN(C=C3)C(F)F)F,1
C1=CC(=C(C=C1C2(C3=C(C(=CC(=C3)F)F)C(=N2)N)C4=CC(=NC=C4)C(F)F)C5=CN=CN=C5)F,1
CC1=C(C=CC(=C1)C2(C3=NCC(CN3C(=N2)N)(F)F)C4=CC(=C(C=C4)F)C5=CN=CC=C5)OC,1
C/C(=N/O)/C1=CC(=CC(=C1)N2CCCCS2(=O)=O)C(=O)N[C@@H](CC3=CC(=CC(=C3)F)F)[C@H](C[NH2+]CC4=CC(=CC=C4)OC)O,1
CC(=O)NC(CC1=CC(=CC(=C1)F)F)C(C[NH2+]C2(CCC(CC2)CO)C3=CC(=CC=C3)C(C)(C)C)O,1
CCCCC1CCN(C1=O)C(CCC2=CC=CC=C2)C(=O)NC(CC3=CC(=CC(=C3)F)F)C(C[NH2+]CC4=CC(=CC=C4)OC)O,1
CC1(CC2(C3=C(O1)C=CC(=C3)C4=CC(=CC(=C4)Cl)F)C(=O)N(C(=N2)N)C)C,1
CC1(CCOC(=N1)N)C2=C(C=CC(=C2)NC(=O)C3=C(C=C(C=N3)Cl)Cl)F,1
CCN1C=C2CCS(=O)(=O)N(C3=CC(=CC1=C23)C(=O)NC(CC4=CC=CC=C4)[C@@H](C[NH2+]CCF)O)C,1
CCC1=CN(C2=C1C=C(C=C2N3CCCC3=O)C(=O)NC(CC4=CC=CC=C4)C(C[NH2+]CC5=CC(=CC=C5)C(F)(F)F)O)C,1
CCNC1=CC(=CC(=C1)C(=O)NC(CC2=CC=CC=C2)C(C[NH2+]CC3=CC(=CN=C3)C#N)O)N4CCCCS4(=O)=O,1
CC1=C(OC=C1)C(=O)NC2=CC=CC(=C2)C3(C(=O)N(C(=N3)N)C)C4CCCCC4,1
CN1C(=O)C(N=C1N)(C2=CC(=C(C=C2)OC)C(F)(F)F)C3=CC=CC(=C3)C4=CN=CC=C4,1
CN1C(=O)C(N=C1N)(C2=CC=NC=C2)C3=CC=CC(=C3)C4=CC=CC(=C4)C#N,1
CN1C(=O)C(N=C1N)(C2=CC=NC=C2)C3=CC=CC(=C3)C4=C(C(=CC=C4)F)F,1
C1=CC=C(C(=C1)C2=CC=C(N2CC3=NC(=C(C=C3)OCCO)N)C4=CC=C(C=C4)OC5=CN=CN=C5)Cl,1
CN1C(=O)[C@@](N=C1N)(C2=CC=C(C=C2)OC(F)F)C3=CC=CC(=C3)/C=C/CCF,1
CN1C(=O)[C@@](N=C1N)(C2=CC=C(C=C2)OC(F)F)C3=CC=CC(=C3)/C=C/CCCO,1
CCC#CC1=CC(=CC=C1)[C@@]2(C(=O)N(C(=N2)N)C)C3=CC=C(C=C3)OC(F)F,1
CN1C(=O)[C@@](N=C1N)(C2=CC=C(C=C2)OC(F)F)C3=CC=CC(=C3)C#CCCCCF,1
CCCC(C1CCN(C1=O)C(C)C(=O)NC(CC2=CC(=CC(=C2)F)F)C(C3CC(C[NH2+]3)O)O)O,1
CCN1C=C(C=N1)C2(C(=O)N(C(=N2)N)C)C3=CC(=C(C=C3)F)C4=CN=CN=C4,1
CC(C)N1C=C(C=N1)C2(C(=O)N(C(=N2)N)C)C3=CC(=C(C=C3)F)C4=C(N=CC=C4)F,1
CN1C(=O)C(N=C1N)(C2=CSC=C2)C3=CC=CC(=C3)C4=C(N=CC=C4)F,1
CN1C(=O)C(N=C1N)(C2=CSC=C2)C3=CC=CC(=C3)C4=CC(=CN=C4)OC,1
CC1(CN(C(=O)C(=N1)N)C)C2=C(C=CC(=C2)NC(=O)C3=NC=C(C=C3)Cl)F,1
CC#CC1=C(C=CC(=C1)[C@@]2(C(=O)N(C(=N2)N)C)C3=CC=C(C=C3)OC(F)F)F,1
CC1=CC(=CC(=C1OC)C#N)C2(C3=C(C(=CC=C3)F)C(=N2)N)C4=CC=CC(=C4)C5=CN=CN=C5,1
CC1=CC2=CC(=N1)OCCCCOC3=CC=CC(=C3)CC(NC2=O)C(C[NH2+]CC4=CC(=CC=C4)C(C)C)O,1
CC1(C(COC(=N1)N)(F)F)C2=C(C=CC(=C2)NC(=O)C3=NC=C(C=C3)OC(C(F)F)(F)F)F,1
CC(C1=CC(=CC(=C1)N2CCCCS2(=O)=O)C(=O)N[C@@H](CC3=CC(=CC(=C3)F)F)[C@H](C[NH2+]CC4=CC(=CC=C4)OC)O)O,1
CC(C1=CC(=CC(=C1)N(C)S(=O)(=O)C)C(=O)N[C@@H](CC2=CC(=CC(=C2)F)F)[C@H](C[NH2+]CC3=CC(=CC=C3)OC)O)O,1
CC(C)(C)C1=CC=CC(=C1)C[NH2+]C2CS(=O)(=O)CC(C2O)CC3=CC(=C(C(=C3)F)N)OCCF,1
CC(C)OC1=C(C(=CC(=C1)CC2CS(=O)(=O)CC(C2O)[NH2+]CC3=CC(=CC=C3)C(C)(C)C)F)N,1
CC(=O)NC(CC1=CC(=C(C=C1)C(F)(F)F)F)C(C[NH2+]C2CC3(CCC3)OC4=C2C=C(C=N4)CC(C)(C)C)O,1
CC(=O)NC(CC1=CC(=CC(=C1)F)F)C(C[NH2+]C2(CCCCC2)C3=CC=CC(=C3)C4=CSC=C4)O,1
C1C(C(C(CS1(=O)=O)[NH2+]CC2=CC(=CC=C2)OC(F)(F)F)O)CC3=CC(=C(C(=C3)F)N)OC(C(F)(F)F)C(F)(F)F,1
CC(=O)NC1=C(C=C(C=C1Cl)C[NH+]=C(N)NC(=O)CN2C=CC3=C2C=C(C=C3)C#N)Cl,1
CCCCN(CCCC)C(=O)N1C=C(C2=CC=CC=C21)C(=O)NC(CC3=CC(=CC(=C3)F)F)C(C[NH2+]CC4=CC(=CC=C4)OC)O,1
CCCOC1=C(C=CC(=C1)CC2CS(=O)(=O)CC(C2O)[NH2+]CC3=CC(=CC=C3)C(C)(C)C)N,1
CC1(COCC(=N1)N)C2=C(C=CC(=C2)NC(=O)C3=C(C=C(C=N3)Cl)Cl)F,1
CC(=O)NC(CC1=CC(=CC(=C1)F)F)C(C[NH2+]C2(CCCCC2)C3=CC(=CC(=C3)F)C(C)(C)C)O,1
CC(C(=O)NC(CC1=CC(=CC(=C1)F)F)C(C[NH2+]CC2=CC(=CC=C2)OC)O)N3CCC(C3=O)(CC4CC4)NC(=O)C,1
CC1(COCCC(=N1)N)C2=C(C=CC(=C2)NC(=O)C3=NC=C(C=C3)Cl)F,1
CC(=O)NC(CC1=CC(=CC(=C1)F)F)C(C[NH2+]C2(CCC(=O)NC2)C3=CC(=CC=C3)C(C)(C)C)O,1
CC(C)C1=CC(=CC=C1)C2(CCCCC2)[NH2+]CC(C(CC3=CC(=CC(=C3)F)F)NC(=O)C)O,1
CC(C)(C)CC1=CC2=C(N=C1)OC3(CCC3)CC2[NH2+]CC(C(CC4=CC=C(C=C4)C#C)NC(=O)COC)O,1
CC1(CC2(C3=C(S1)C=CC(=C3)C4=CC=CC(=C4)C#N)C(=O)N(C(=N2)N)C)C,1
CCC1=CN2CCS(=O)(=O)N(C3=CC(=CC1=C32)C(=O)NC(CC4=CC=CC=C4)C(C[NH2+]CC)O)C,1
CC(=O)NC(CC1=CC(=CC(=C1)F)F)C(C[NH2+]C2(CCC(=C)CC2)C3=CC(=CC=C3)C(C)(C)C)O,1
CC1(CC2(C3=C(S1)C=CC(=C3)C4=CN=CN=C4)C(=O)N(C(=N2)N)C)C,1
CC(C)(C)CC1=CC2=C(N=C1)OC3(CCC3)CC2[NH2+]CC(C(CC4=CC5=C(C=C4)OCO5)NC(=O)C6=CN=C(C=C6)F)O,1
CC1CCC(CC1)(C2=CC(=CC=C2)C(C)(C)C)[NH2+]CC(C(CC3=CC(=CC(=C3)F)F)NC(=O)C)O,1
CCC1=CN2CCS(=O)(=O)N(C3=CC(=CC1=C32)C(=O)NC(CC4=CC=CC=C4)[C@@H](C[NH2+]CCF)O)C,1
CC(C)C1=CC(=CC=C1)C(C)(C)[NH2+]CC(C2CC3=CC(=CC=C3)OCCCCNC4=CC(=CC(=C4)C(=O)N2)COC)O,1
CC(C)(C)C1=CC=CC(=C1)C2(CCCC2)[NH2+]CC(C3CC4=CC(=CC=C4)OCCCCNC5=CC(=CC(=C5)C(=O)N3)COC)O,1
CCOC1=C(C=CC(=C1)C2(C(=O)N(C(=N2)N)C)C3=CC=CC(=C3)C4=CN=CC=C4)OC,1
CCCOC1=C(C=CC(=C1)C2(C(=O)N(C(=N2)N)C)C3=CC=CC(=C3)C4=CN=CC=C4)OC,1
CCCCOC1=C(C=CC(=C1)C2(C(=O)N(C(=N2)N)C)C3=CC=CC(=C3)C4=CN=CC=C4)OC,1
CN1C(=O)C(N=C1N)(C2=CC(=C(C=C2)OC)F)C3=CC=CC(=C3)C4=CN=CC=C4,1
CN1C(=O)C(N=C1N)(C2=CC=NC=C2)C3=CC=CC(=C3)C4=CC(=CC=C4)F,1
CN1C(=O)[C@@](N=C1N)(C2=CC=C(C=C2)OC(F)F)C3=CC=CC(=C3)CCCC#N,1
CN1C(=O)[C@@](N=C1N)(C2=CC=C(C=C2)OC(F)F)C3=CC=CC(=C3)/C=C/CCCOC,1
CN1C(=O)[C@@](N=C1N)(C2=CC=C(C=C2)OC(F)F)C3=CC=CC(=C3)/C=C/CCO,1
CC1C2=CC=CC(=C2)COCC(NC(=O)C3=CC(=CC(=C3)C(=O)N1)N(C)S(=O)(=O)C)C(CC(C(C)C)C(=O)NC(C(=O)NCC4=CC=CC=C4)SC(C)C)O,1
CC1=CC=CC=C1C2=CC3=CC(=C(N=C3C=C2)N)CC(C)C(=O)NCC4=NC=CN=C4,1
CN1C(=O)C(N=C1N)(C2=CC=CC(=C2)C3=C(N=CC=C3)F)C4=CN(N=C4)CCF,1
CC1(C(COC(=N1)N)(F)F)C2=C(C=CC(=C2)NC(=O)C3=NC=C(C=C3)OC)F,1
C/C(=N/OC)/C1=CC(=CC(=C1)N2CCCCS2(=O)=O)C(=O)NC(CC3=CC(=CC(=C3)F)F)[C@H](C[NH2+]CC4=CC(=CC=C4)OC)O,1
CCC1=C(C(=CC(=C1)CC2CS(=O)(=O)CC(C2O)[NH2+]CC3=CC(=CC=C3)C(C)(C)C)F)NC(=O)C[NH+](C)C,1
CCCN(CCC)C(=O)C1=CC(=CC(=C1)C(=O)NC(CC2=CC(=CC(=C2)F)F)C(C[NH2+]CC3=CC(=CC=C3)OC)O)OC4=CC=CC=C4OC,1
CCC(C)C1(CCN(C1=O)C(CCC2=CC=CC=C2)C(=O)NC(CC3=CC(=CC(=C3)F)F)C(C4CC5=CC=CC=C5C[NH2+]4)O)NC(=O)C,1
CCCN(CCC)C(=O)C1=CC(=CC(=C1)C(=O)NC(CC2=CC(=CC(=C2)F)F)C(C[NH2+]CC3=CC(=CC=C3)OC)O)/C(=N\OCC(C)C)/C,1
CC(C)(C)C1=CC=CC(=C1)C[NH2+]C2CS(=O)(=O)CC(C2O)CC3=CC(=C(C=C3)O)Br,1
CC(C)(C)C1=CC=CC(=C1)C[NH2+]C2CS(=O)(=O)CC(C2O)CC3=CC(=C(C(=C3)Br)N)F,1
CCCOC1=C(C(=CC(=C1)CC2CS(=O)(=O)CC(C2O)[NH2+]CC3=CC(=CC=C3)C(C)(C)C)F)N,1
COCCC#CC1=CC(=CC=C1)C2(C3=NCC(CN3C(=N2)N)(F)F)C4=CC=C(C=C4)OC(F)F,1
CC1(C(COC(=N1)N)(F)F)C2=C(C=CC(=C2)NC(=O)C3=NC=C(C=C3)OC(F)(F)F)F,1
CC(=O)NC1=C(C=C(C=C1Cl)C[NH+]=C(N)NC(=O)CN2C=CC3=C2C=CC(=C3)C#N)Cl,1
C1C(CN2C(=N1)C(N=C2N)(C3=CC=C(C=C3)OC(F)F)C4=CC=CC(=C4)C#COCCCF)(F)F,1
CCCO/N=C(/C)\C1=CC(=CC(=C1)N(C)S(=O)(=O)C)C(=O)NC(CC2=CC(=CC(=C2)F)F)[C@H](C[NH2+]CC3=CC(=CC=C3)OC)O,1
C/C(=N\OC)/C1=CC(=CC(=C1)N(C)S(=O)(=O)C)C(=O)NC(CC2=CC(=CC(=C2)F)F)[C@H](C[NH2+]CC3=CC(=CC=C3)OC)O,1
CCC1=CN2CS(=O)(=O)N(C3=CC(=CC1=C32)C(=O)NC(CC4=CC=CC=C4)C(C[NH2+]C5CCCCC5)O)C,1
C1CNC2=[N+](C1)C(=NC2(C3=CC=C(C=C3)OC(F)(F)F)C4=CC=CC(=C4)C5=C(N=CC=C5)F)N,1
CC(C)C1=CC=CC(=C1)C[NH2+]CC(C2CC3=CC(=CC=C3)OCCCCNC4=CC(=CC(=C4)C(=O)N2)COC)O,1
CC(C)OC1=C(C=CC(=C1)C2(C(=O)N(C(=N2)N)C)C3=CC=CC(=C3)C4=CN=CC=C4)OC,1
CN1C(=O)C(N=C1N)(C2=CC=C(C=C2)OC(F)(F)F)C3=CC=CC(=C3)C4=C(N=CC=C4)F,1
CN1C(=O)C(N=C1N)(C2=CC=NC=C2)C3=CC=CC(=C3)C4=CC(=CC(=C4)F)F,1
CN1C(=O)[C@@](N=C1N)(C2=CC=C(C=C2)OC(F)(F)F)C3=CC=CC(=C3)C4=C(N=CC=C4)F,1
CN1C(=O)[C@@](N=C1N)(C2=CC=C(C=C2)OC(F)F)C3=CC=CC(=C3)CCCC(F)(F)F,1
CC(C)C1=CC=CC(=C1)C[NH2+]C2CS(=O)(=O)CC(C2O)CC3=CC(=C(C=C3)OC(=O)NC)Br,1
CCCCC1CCN(C1=O)C(C)C(=O)NC(CC2=CC(=CC(=C2)F)F)C(C[NH2+]CC3=CC(=CC=C3)OC)O,1
CC1(CC2(C3=C(O1)C=CC(=C3)C4=C(C=CC(=C4)OC)F)C(=O)N(C(=N2)N)C)C,1
CC1=CC(=CN(C1=O)C)C2(C3=C(C(=CC=C3)F)C(=N2)N)C4=CC=CC(=C4)C5=CN=CN=C5,1
CC(=O)NC(CC1=CC(=CC(=C1)F)F)C(C[NH2+]C2(CCOCC2)C3=CC(=CC=C3)C(C)(C)C)O,1
CC(C)(C)C1=CC=CC(=C1)C[NH2+]C2CS(=O)(=O)CC(C2O)CC3=CC(=C(C=C3)NC(=O)C[NH+](C)C)F,1
CC#CC1=CC(=CN=C1)C2=C(C=CC(=C2)C3(N=C(C(=N3)N)C)C4CC4)O,1
CC1(CC2(C3=C(O1)C=CC(=C3)C4=CC(=CC(=C4)F)OC)C(=O)N(C(=N2)N)C)C,1
CC1(CC2=CC=CC=C2C(=N1)N)C3=C(C=CC(=C3)NC(=O)C4=NC=C(C=C4)Cl)F,1
CCNC1=C(C(=CC(=C1)C(=O)NC(CC2=CC=CC=C2)C(C[NH2+]CC3=CC(=CC=C3)C(F)(F)F)O)N4CCCC4=O)C,1
CC1(CC2(C3=C(O1)C=CC(=C3)C4=CC(=CN=C4)C(F)(F)F)C(=O)N(C(=N2)N)C)C,1
CC(C)(C)CC1=CC2=C(N=C1)OC3(CCC3)CC2[NH2+]CC(C(CC4=CC(=CC=C4)C5=NC=CN5C)NC(=O)COC)O,1
CCCCN(C)C(=O)N1C=C(C2=C1C=C(C=C2)F)C(=O)NC(CC3=CC(=CC(=C3)F)F)C(C[NH2+]CC4=CC(=CC=C4)OC)O,1
CC1(C(COC(=N1)N)(F)F)C2=C(C=CC(=C2)NC(=O)C3=NC=C(C=C3)F)F,1
CCCN(CCC)C(=O)C1=CC(=CC(=C1)C(=O)NC(CC2=CC(=CC(=C2)F)F)C(C[NH2+]CC3=CC(=CC=C3)OC)O)/C(=N\OCC4=CC=CC=C4)/C,1
CC(C)(C)C1=CC=CC(=C1)C2(CCC2)[NH2+]CC(C3CC4=CC(=CC=C4)OCCCCNC5=CC(=CC(=C5)C(=O)N3)COC)O,1
CC1(C(COC(=N1)N)(F)F)C2=C(C=CC(=C2)NC(=O)C3=NC=C(C=N3)Cl)F,1
CCCC(C1CCN(C1=O)C(C)C(=O)NC(CC2=CC(=CC(=C2)F)F)C(C[NH2+]CC3=CC(=CC=C3)OC)O)O,1
CC(C)(C)C1=CC(=NC=C1)C[NH2+]C2CS(=O)(=O)CC(C2O)CC3=CC(=C(C(=C3)F)N)OC(C(F)(F)F)C(F)(F)F,1
CC1(CC2(C3=C(O1)C=CC(=C3)C4=CC(=CC=C4)OC)C(=O)N(C(=N2)N)C)C,1
COC1=CC=C(C=C1)C2(C3=[N+](CCCN3)C(=N2)N)C4=CC=CC(=C4)C5=C(N=CC=C5)F,1
CN1C(=O)C(N=C1N)(C2=CC=C(C=C2)OC)C34CC5CC(C3)CC(C5)C4,1
CN1C(=O)C(N=C1N)(C2=CC(=C(C=C2)OC)OC3CCCC3)C4=CC=CC(=C4)C5=CN=CC=C5,1
CC(C)C1=NC=CC(=C1)C2(C(=O)N(C(=N2)N)C)C3=CC=CC(=C3)C4=CN=CN=C4,1
CN1C(=O)C(N=C1N)(C2=CC=NC=C2)C3=CC=CC(=C3)C4=NC=CN=C4,1
C1=CC=C(C(=C1)C2=CC=C(N2CC3=NC(=C(C=C3)NCCO)N)C4=CC=C(C=C4)OC5=CN=CN=C5)Cl,1
CN1C(=O)[C@@](N=C1N)(C2=CC=C(C=C2)OC(F)F)C3=CC(=C(C=C3)F)OCC(F)F,1
CC1=C(C=CC(=C1)[C@]2(C(=O)N(C(=N2)N)C)C3=CC(=C(C=C3)F)OCC(F)F)OC(F)F,1
CCCCN(C)C(=O)N1C=C(C2=C1C=CC(=C2)C(=O)[O-])C(=O)NC(CC3=CC(=CC(=C3)F)F)C(C[NH2+]CC4=CC(=CC=C4)OC)O,1
CCCC(C1CCN(C1=O)C(C)C(=O)NC(CC2=CC(=CC(=C2)F)F)C(C3CC(C[NH2+]3)OCCC)O)O,1
CN1C(=O)C(N=C1N)(C2=CC=CC(=C2)C3=CN=CN=C3)C4=CN(N=C4)C5CCCC5,1
CN1C(=O)C(N=C1N)(C2=CSC=C2)C3=CC=CC(=C3)C4=CN=CN=C4,1
C1CC2=C(C=CC(=C2)Br)C3(C1)C[NH2+]CC3C(=O)N4CCC(CC4C5=CC=CC=C5)C6=CC=CC=C6,1
CCOC1=CC=CC(=C1)C2=CC3=C(C=C2)OC(CC34C(=O)N(C(=N4)N)C)(C)C,1
CC(C)(C)CC1=CC2=C(N=C1)OC3(CCC3)CC2[NH2+]CC(C(CC4=C(C(=CC=C4)C5=NC=CS5)F)NC(=O)COC)O,1
CCC1=CN2CCS(=O)(=O)N(C3=CC(=CC1=C32)C(=O)NC(CC4=CC=CC=C4)[C@@H](C[NH2+]CC#C)O)C,1
CC(=O)NC(CC1=CC(=CC(=C1)F)F)C(C[NH2+]C2(CCC(CC2)NC3=CC=CC=N3)C4=CC(=CC=C4)C(C)(C)C)O,1
CN(CCOC)C(=O)N1C=C(C2=C1N=CC=C2)C(=O)NC(CC3=CC(=CC(=C3)F)F)C(C[NH2+]CC4=CC(=CC=C4)OC)O,1
COC1=CC=CC(=C1)C[NH2+]CC(C(CC2=CC(=CC(=C2)F)F)NC(=O)C3=CC(=CC=C3)N4CCCCS4(=O)=O)O,1
CC1(CC2(C3=C(O1)C=CC(=C3)C4=CC(=CC=C4)C(F)(F)F)C(=O)N(C(=N2)N)C)C,1
CN(C1=CC=CC(=C1)C(=O)N[C@@H](CC2=CC(=CC(=C2)F)F)[C@H](C[NH2+]CC3=CC(=CC=C3)OC)O)S(=O)(=O)C,1
CC(C)(C)C1=CC=CC(=C1)C[NH2+]C2CS(=O)(=O)CC(C2O)CC3=CC(=C(C(=C3)F)N)OCCC(F)(F)F,1
CC(C)C1CCN(C1=O)C(CCC2=CC=CC=C2)C(=O)NC(CC3=CC(=CC(=C3)F)F)C(C[NH2+]CC4=CC(=CC=C4)OC)O,1
C/C(=N/O)/C1=CC(=CC(=C1)N(C)S(=O)(=O)C)C(=O)N[C@@H](CC2=CC(=CC(=C2)F)F)[C@H](C[NH2+]CC3=CC(=CC=C3)OC)O,1
CC(C)(C)CC1=CC2=C(N=C1)OC3(CCC3)CC2[NH2+]CC(C(CC4=CC5=C(C=C4)OCO5)NC(=O)C6=CC=CC=C6F)O,1
CC(=O)NC(CC1=CC(=CC(=C1)F)F)C(C[NH2+]C2(CCCCC2)C3=CC(=CC(=C3)OC)C(C)(C)C)O,1
CC(C)(C)C1=CC=CC(=C1)C[NH2+]C2CS(=O)(=O)CC(C2O)CC3=CC(=C(C(=C3)F)N)CC(C(F)(F)F)OC,1
CC1=CC(=NC(=C1OC)C)C2(C3=C(C(=CC=C3)F)C(=N2)N)C4=CC=CC(=C4)C5=CN=CN=C5,1
CCN1C=C2CCS(=O)(=O)N(C3=CC(=CC1=C23)C(=O)NC(CC4=CC=CC=C4)[C@@H](C[NH2+]CC(F)(F)F)O)C,1
CC(C)(C)C1=CC=CC(=C1)C[NH2+]C2CS(=O)(=O)CC(C2O)CC3=CC(=C(C(=C3)F)N)C4=CC=CO4,1
CC(=O)NC1=C(C=C(C=C1Cl)C[NH+]=C(N)NC(=O)CN2C=CC3=C2C=C(C=C3)Br)Cl,1
CCOC1=C(C=C(C=C1)C2(C3=[N+](CCCN3)C(=N2)N)C4=CC=CC(=C4)C5=C(N=CC=C5)F)OCC,1
C1C[N+]2=C(N1)C(N=C2N)(C3=CC=C(C=C3)OC(F)(F)F)C4=CC=CC(=C4)C5=C(N=CC=C5)F,1
C1CC[N+]2=C(C(N=C2N)(C3=CC=C(C=C3)OC(F)(F)F)C4=CC=CC(=C4)C5=C(N=CC=C5)F)NC1,1
CC1=NC=CC(=C1)[C@]2(C(=O)N(C(=N2)N)C)C3=CC=CC(=C3)C4=CN=CN=C4,1
CN1C(=O)[C@@](N=C1N)(C2=CC=C(C=C2)OC(F)F)C3=CC=CC(=C3)C(=O)CCCF,1
CN1C(=O)[C@@](N=C1N)(C2=CC=C(C=C2)OC(F)F)C3=CC=CC(=C3)[C@@H](CCCF)F,1
CC1=C(C=CC(=C1)[C@]2(C(=O)N(C(=N2)N)C)C3=CC=CC=C3)OC(F)F,1
CC(C)N1C=C(C=N1)C2(C(=O)N(C(=N2)N)C)C3=CC(=C(C=C3)F)C4=CN=CN=C4,1
CCC1=CC(=CS1)C2(C(=O)N(C(=N2)N)C)C3=CC=CC(=C3)C4=CN=CN=C4,1
CN1C(=O)C(N=C1N)(C2=CC=CC(=C2)C3=CN=CN=C3)C4=CSC(=C4)Cl,1
CC(C)OC1=CC=CC(=C1)C[NH2+]C2CS(=O)CC(C2O)CC3=CC(=C(C(=C3)F)N)OC(COC)C(F)(F)F,1
CCCCN(C)C(=O)N1C=C(C2=C1N=CC=C2)C(=O)NC(CC3=CC(=CC(=C3)F)F)C(C[NH2+]C4(CC4)C5=CC=CC(=C5)CC)O,1
CC1=CC2=CC(=N1)OCCCCOC3=CC=CC(=C3)CC(NC2=O)C(C[NH2+]C(C)C4=CC=CC(=C4)C(C)C)O,1
CC(=O)NC(CC1=CC(=CC(=C1)F)F)C(C[NH2+]C2(CCC(CC2)NC3=NC=CS3)C4=CC(=CC=C4)C(C)(C)C)O,1
CCC1=CN2CCS(=O)(=O)OC3=CC(=CC1=C32)C(=O)NC(CC4=CC=CC=C4)[C@@H](C[NH2+]CC5CCOCC5)O,1
C1CC1C2=NC=CC(=C2)C3(C4=C(C(=CC=C4)F)C(=N3)N)C5=CC=CC(=C5)C6=CN=CN=C6,1
CCC1=COC2=C1C=C(C=C2N3CCCC3=O)C(=O)NC(CC4=CC=CC=C4)C(C[NH2+]CC5=CC(=CC=C5)C(F)(F)F)O,1
CCCCC1CCN(C1=O)C(C)C(=O)NC(CC2=CC(=CC(=C2)F)F)C(C3CC(C[NH2+]3)OCCC)O,1
CC1=CN=C(C=C1)C(=O)NC2=CC(=C(C=C2)F)C3(C(COC(=N3)N)(F)F)C,1
CC(=O)NC(CC1=CC(=CC(=C1)F)F)C(C[NH2+]C2(CCCCC2)C3=CC=CC(=C3)C4CCOC4)O,1
CC1=CC=CC=C1C2=CC3=CC(=C(N=C3C=C2)N)CC(C)C(=O)NCC4=CN=CC=C4,1
CC(C)CC1CCN(C1=O)C(C)C(=O)NC(CC2=CC(=CC(=C2)F)F)C(C[NH2+]CC3=CC(=CC=C3)OC)O,1
COC1=CC=CC(=C1F)C2=CC(=CC=C2)C3(C4=NCCCN4C(=N3)N)C5=CC=NC=C5,1
CC(=O)C1=CC(=CC(=C1)N2CCCCS2(=O)=O)C(=O)N[C@@H](CC3=CC(=CC(=C3)F)F)[C@H](C[NH2+]CC4=CC(=CC=C4)OC)O,1
CN1C(=O)C(N=C1N)(C2=CC(=C(C=C2)OC)OC)C3=CC=CC(=C3)C4=CN=CC=C4,1
CN1C(=O)C(N=C1N)(C2=CC3=C(C=C2)OCCO3)C4=CC=CC(=C4)C5=CN=CC=C5,1
CCCC1=CC(=CC=C1)[C@@]2(C(=O)N(C(=N2)N)C)C3=CC=C(C=C3)OC(F)F,1
CCCCCC1=CC(=CC=C1)[C@@]2(C(=O)N(C(=N2)N)C)C3=CC=C(C=C3)OC(F)F,1
CN1C(=O)[C@@](N=C1N)(C2=CC=C(C=C2)OC(F)F)C3=CC=CC(=C3)/C=C/C4CC4,1
CN1C(=O)C(N=C1N)(C2=CC(=C(C=C2)F)C3=CN=CC=C3)C4=CSC=C4,1
CN1C(=O)C(N=C1N)(C2=CSC=C2)C3=CC=CC(=C3)C4=NC=CN=C4,1
CCNC1=CC(=CC(=C1)C(=O)NC(CC2=CC=CC=C2)C(C[NH2+]C3CCOCC3)O)N4CCCCS4(=O)=O,1
CCC1=CN2CS(=O)(=O)N(C3=CC(=CC1=C32)C(=O)NC(CC4=CC=CC=C4)C(C[NH2+]C)O)C,1
CCC1=CC2=C(N=C1)OC3(CCC3)CC2[NH2+]CC(C(CC4=CC=CC=C4)NC(=O)C)O,1
COC1=CC=C(C=C1)C2(C3=NCCCN3C(=N2)N)C4=CC=CC(=C4)C5=CN=CC=C5,1
CC1=NC=C2CC(CCC2=N1)(C3=CC(=CC=C3)C(C)(C)C)[NH2+]CC(C(CC4=CC(=CC(=C4)F)F)NC(=O)C)O,1
CC(=O)NC(CC1=CC(=CC(=C1)F)F)C(C[NH2+]C2(CCCCC2)C3=CC(=CC(=C3)NS(=O)(=O)C)C(C)(C)C)O,1
CC(C)(C)C1=CC=CC(=C1)C[NH2+]C2CS(=O)(=O)CC(C2O)CC3=CC(=C(C(=C3)F)N)C4CC4,1
CCCCC1CCN(C1=O)C(C)C(=O)NC(CC2=CC(=CC(=C2)F)F)C(C3CC(C[NH2+]3)O)O,1
CC1(CC2CC2C(=N1)N)C3=C(C=CC(=C3)NC(=O)C4=NC=C(C=C4)Cl)F,1
CC(CC1=C(N=C2C=CC(=CC2=C1)C3=C(C=CC=N3)OC)N)C(=O)NCCC(C)(C)C,1
CC1=C(C=CC(=C1)C2(N=C(C(=N2)N)C)C3=CC=CC(=C3)C4=CN=CN=C4)OC,1
CC1(CC2(C3=C(O1)C=CC(=C3)C4=CC(=CC=C4)F)C(=O)N(C(=N2)N)C)C,1
COC1=CC=C(C=C1)[C@]2(C3=[N+](CCCN3)C(=N2)N)C4=CC=CC(=C4)C5=CN=CN=C5,1
CC(=O)NC(CC1=CC(=CC(=C1)F)F)C(C[NH2+]C2(CCC(CC2)NOC)C3=CC(=CC=C3)C(C)(C)C)O,1
CN1C(=O)C(N=C1N)(C2CCCCC2)C3=CC(=CC=C3)NC(=O)C4=CC=CO4,1
CC1=NC=CC(=C1)[C@]2(C(=O)N(C(=N2)N)C)C3=CC=CC(=C3)C4=CN=CC=C4,1
CC(=C)C1=CC(=CC=C1)C2(CCCCC2)[NH2+]CC(C(CC3=CC(=CC(=C3)F)F)NC(=O)C)O,1
CN1C(=O)[C@@](N=C1N)(C2=CC=C(C=C2)OC(F)F)C3=CC(=C(C=C3)F)OCCCCF,1
CN1C=C(C=N1)C2(C(=O)N(C(=N2)N)C)C3=CC=CC(=C3)C4=CN=CN=C4,1
COC1=CC=C(C=C1)C2(C3=NCC(CN3C(=N2)N)(F)F)C4=CC=CC(=C4)C5=CN=CN=C5,1
CC(C)(C)C1=CC=CC(=C1)C[NH2+]C2CS(=O)(=O)CC(C2O)CC3=CC(=C(C(=C3)F)N)OCCOC,1
CC(=O)NC(CC1=CC(=CC(=C1)F)F)C(C[NH2+]C2(CCCCC2)C3=CC(=CS3)C(C)(C)C)O,0
CC(=O)NC1=C(C=C(C=C1Cl)C[NH+]=C(N)NC(=O)CN2C=CC3=C2C=CC(=C3)Br)Cl,0
COC1=CC2=C(C=C1)OC3=C(C24COC(=N4)N)C=C(C=C3)C5=CN=CN=C5,0
C1C(CN2C(=N1)C(N=C2N)(C3=CC=NC=C3)C4=CC=CC(=C4)C5=CN=CN=C5)(F)F,0
CC1(C(COC(=N1)N)(F)F)C2=C(C=CC(=C2)NC(=O)C3=NC=C(C=C3)OCC(F)(F)F)F,0
CCNC1=C(C(=CC(=C1)C(=O)NC(CC2=CC=CC=C2)C(C[NH2+]CC3=CC(=CC=C3)C(F)(F)F)O)N4CCCC4=O)OC,0
CCCCCOC1=CC=C(C=C1)C2=CC=C(N2CC3=NC(=C(C=C3)OCCO)N)C4=CC=CC=C4Cl,0
CC(=O)NC(CC1=CC(=CC(=C1)F)F)C(C[NH2+]C2(CCCCC2)C3=CC=CC(=C3)C4=CSC=N4)O,0
CC(=O)N[C@@H](CC1=CC(=CC(=C1)F)F)[C@@H](C[NH2+]C2(CCOCC2)C3=CC(=CC=C3)N4C=CC=N4)O,0
CC[C@@H](C)CC1=CC(=CC=C1)[C@@]2(C(=O)N(C(=N2)N)C)C3=CC=C(C=C3)OC(F)F,0
C/C(=N/OCC=C)/C1=CC(=CC(=C1)N2CCCCS2(=O)=O)C(=O)N[C@@H](CC3=CC(=CC(=C3)F)F)[C@H](C[NH2+]CC4=CC(=CC=C4)OC)O,0
CC1(CC2(C3=C(O1)C=CC(=C3)C4=CN=CC=C4)C(=O)N(C(=N2)N)C)C,0
CCNC1=CC(=CC(=C1)C(=O)NC(CC2=CC=CC=C2)C(C[NH2+]C3CC3)O)N4CCCCS4(=O)=O,0
CC(=O)NC(CC1=CC(=CC(=C1)F)F)C(C[NH2+]C2(CCC(=O)CC2)C3=CC(=CC=C3)C(C)(C)C)O,0
CN1C(=O)C(N=C1N)(C2=CC(=C(C=C2)OC)C3CCCC3)C4=CC=CC(=C4)C5=CN=CC=C5,0
CN1C(=O)C(N=C1N)(C2=CC3=C(C=C2)OCC3)C4=CC=CC(=C4)C5=CN=CC=C5,0
CCCCNC(=O)C(C)CC(C(CC(C)C)NC(=O)C(C)NC(=O)C(CC(C)C)NC(=O)C)O,0
CC(=O)NC(CC1=CC(=CC(=C1)F)F)C(C[NH2+]C2(CCCCC2)C3=CC=CC(=C3)C4=COC=C4)O,0
CN1C(=O)[C@@](N=C1N)(C2=CC=C(C=C2)OC(F)F)C3=CC(=C(C=C3)F)OCCF,0
CCCCN(C)C(=O)N1C=C(C2=C1C=C(C=C2)C#N)C(=O)NC(CC3=CC(=CC(=C3)F)F)C(C[NH2+]CC4=CC(=CC=C4)OC)O,0
CN1C(=O)C(N=C1N)(C2=CC(=C(C=C2)F)C3=CN=CN=C3)C4=CN(N=C4)CC(F)(F)F,0
CC(C)(C)C1=CC=CC(=C1)C[NH2+]C2CS(=O)(=O)CC(C2O)CC3=CC4=C(C=C3)NC=C4CC(F)(F)F,0
CC(C)(C)C1=CC=CC(=C1)C[NH2+]C2CS(=O)(=O)CC(C2O)CC3=CC(=C(C(=C3)F)N)O,0
CC1(N=C(C2=CC=CC=C2O1)N)C3=C(C=CC(=C3)NC(=O)C4=NC=C(C=C4)Cl)F,0
CCCN(CCC)C(=O)C1=CC(=CC(=C1)C(=O)NC(CC2=CC(=CC(=C2)F)F)C(C[NH2+]CC3=CC(=CC=C3)OC)O)C(C)[NH3+],0
CC(=O)C1=CC(=CC(=C1)N(C)S(=O)(=O)C)C(=O)N[C@@H](CC2=CC(=CC(=C2)F)F)[C@H](C[NH2+]CC3=CC(=CC=C3)OC)O,0
C1=CC(=CC(=C1)C2(C3=C(C(=CC=C3)F)C(=N2)N)C4=CC=NC=C4)C5=CN=CN=C5,0
CC(C(=O)NC1CCCCC1)[NH2+]CC(C(CC2=CC=CC=C2)NC(=O)C3=CC(=CC=C3)N(C4=CC=CC=C4OC)S(=O)(=O)C)O,0
CC#CC1=CC(=NC=C1)C2=C(C=CC(=C2)C3(N=C(C(=N3)N)C)C4CC4)O,0
CC1(CC2(C3=C(O1)C=CC(=C3)C4=C(N=CC=C4)F)C(=O)N(C(=N2)N)C)C,0
C1CCNC2=[N+](CC1)C(=N[C@]2(C3=CC=C(C=C3)OC(F)(F)F)C4=CC=CC(=C4)C5=C(N=CC=C5)F)N,0
CC1=C(C=C(C=C1)C2(C(=O)N(C(=N2)N)C)C3=CC(=C(C=C3)OC)C)C4=CN=CC=C4,0
CN1C(=O)C(N=C1N)(C2=CC=NC=C2)C3=CC=CC(=C3)C4=CC=CC=C4,0
CCC(C)(C)C1=CC=CC(=C1)C2(CCCCC2)[NH2+]CC(C(CC3=CC(=CC(=C3)F)F)NC(=O)C)O,0
CC(C)(C)C1=CC=CC(=C1)C[NH2+]C2CS(=O)(=O)CC(C2O)CC3=CC(=C(C=C3)N)OC(F)(F)F,0
CCCC1=C(C(=CC(=C1)CC2CS(=O)(=O)CC(C2O)[NH2+]CC3=CC(=CC=C3)C(C)(C)C)F)N,0
CC(C)(C)C1=CC=CC(=C1)C[NH2+]C2CS(=O)(=O)CC(C2O)CC3=CC(=C(C(=C3)F)N)CCC(F)(F)F,0
COC1=CC2=C(C=C1)OC3=C(C24COC(=N4)N)C=C(C=C3)C5=CC(=CC=C5)Cl,0
CC(=O)NC(CC1=CC(=CC(=C1)F)F)C(C[NH2+]C2(CCCCC2)C3=CC(=CS3)CC(C)(C)C)O,0
C1=CC=C2C(=C1)C(=NC2(C3=CC(=NC=C3)C(F)(F)F)C4=CC=CC(=C4)C5=CN=CN=C5)N,0
COC1=CC=C(C=C1)C2(C3=C(C(=CC=C3)F)C(=N2)N)C4=CC=CC(=C4)C5=CN=CN=C5,0
C1=CC(=CC(=C1)C2(C3=C(C(=CC=C3)F)C(=N2)N)C4=CC=NC=C4)C5=CC(=CN=C5)F,0
CC1(CCOC(=N1)N)C2=C(C=CC(=C2)NC(=O)C3=NC=C(C=C3)Cl)F,0
CC(=O)NC(CC1=CC(=CC(=C1)F)F)C(C[NH2+]C2(CCCCC2)C3=CC(=NO3)CC(C)(C)C)O,0
CC(=O)NC(CC1=CC(=CC(=C1)F)F)C(C[NH2+]C2(CCC(CC2)OC)C3=CC(=CC=C3)C(C)(C)C)O,0
CC(C1=CC=CC=C1)NC(=O)C2=CC(=CC(=C2)N(C)S(=O)(=O)C)C(=O)NC(COC3=CC(=CC(=C3)F)F)C(CC(COCC4=CC=C(C=C4)OC)OC)O,0
CC1=CC(=CC(=N1)C)[C@]2(C(=O)N(C(=N2)N)C)C3=CC=CC(=C3)C4=CN=CN=C4,0
CC(=O)NC(CC1=CC(=CC(=C1)F)F)C(C[NH2+]C2(CC2)C3=CC(=CC=C3)C(C)(C)C)O,0
CC1=CC(=CS1)C2(C(=O)N(C(=N2)N)C)C3=CC=CC(=C3)C4=CN=CN=C4,0
CCC(C)C1(CCN(C1=O)C(CCC2=CC=CC=C2)C(=O)NC(CC3=CC(=CC(=C3)F)F)[C@@H]([C@@H]4CC5=C(C[NH2+]4)C(=CC=C5)OC)O)NC(=O)C,0
CC(C)(C)C1=CC=CC(=C1)C[NH2+]C2CS(=O)(=O)CC(C2O)CC3=CC(=C(C=C3)N)Br,0
CC(C)C(=O)NC(CC1=CC2=C(C=C1)OCO2)C(C[NH2+]C3CC4(CCC4)OC5=C3C=C(C=N5)CC(C)(C)C)O,0
CC1(CC2(C3=C(O1)C=CC(=C3)C4=CC(=CN=C4)F)C(=O)N(C(=N2)N)C)C,0
CCNC1=C2CCCS(=O)(=O)N(C2=CC(=C1)C(=O)NC(CC3=CC=CC=C3)C(C[NH2+]C4CC4)O)C,0
CN1C(=O)C(N=C1N)(C2=CC(=C(C=C2)OC)C#N)C3=CC=CC(=C3)C4=CN=CC=C4,0
CCC1=NC(=CC(=C1)[C@]2(C(=O)N(C(=N2)N)C)C3=CC=CC(=C3)C4=CN=CN=C4)C,0
CCC(=O)N(C)C(C)(C)C1CCCC(C1)C(=O)NC(CC2=CC=CC=C2)C(C[NH2+]CC3=CC(=CC=C3)C(C)C)O,0
CCCCC1=C(C=CC(=C1)CC2CS(=O)(=O)CC(C2O)[NH2+]CC3=CC(=CC=C3)C(C)C)O,0
CC(C)(C)C1=CC=CC(=C1)C[NH2+]C2CS(=O)(=O)CC(C2O)CC3=CC(=C(C(=C3)F)N)C4=COC=C4,0
C/C(=N/OCC=C)/C1=CC(=CC(=C1)N(C)S(=O)(=O)C)C(=O)N[C@@H](CC2=CC(=CC(=C2)F)F)[C@H](C[NH2+]CC3=CC(=CC=C3)OC)O,0
CC1(CC2(C3=C(O1)C=CC(=C3)C4=CN=CN=C4)C(=O)N(C(=N2)N)C)C,0
CC1(C(COC(=N1)N)(F)F)C2=C(C=CC(=C2)NC(=O)C3=NN(C=C3Cl)C)F,0
C1CNC2=[N+](C1)C(=NC2(C3=CC4=C(C=C3)OCO4)C5=CC=CC(=C5)C6=C(N=CC=C6)F)N,0
CC(=O)C1=CC(=CC(=C1)C(C)(C)C)C2(CCCCC2)[NH2+]CC(C(CC3=CC(=CC(=C3)F)F)NC(=O)C)O,0
CCCCN(C)C(=O)N1C=C(C2=C1C=CC(=C2)C(F)(F)F)C(=O)NC(CC3=CC(=CC(=C3)F)F)C(C[NH2+]CC4=CC(=CC=C4)OC)O,0
CCCOC1CC([NH2+]C1)C(C(CC2=CC(=CC(=C2)F)F)NC(=O)C(C)N3CCC(C3=O)C(C)C)O,0
CC(=O)NC(CC1=CC(=CC(=C1)F)F)C(C[NH2+]C2(CCCCC2)C3=CC(=CC=C3)C(C)(C)C#N)O,0
CCCCCOC1=CC=C(C=C1)C2=CC=C(N2CC3=NC(=C(C=C3)NCCO)N)C4=CC=CC=C4Cl,0
CC(=O)NC(CC1=CC(=CC(=C1)F)F)C(C[NH2+]C2(CCCCC2)C3=CC(=CC(=C3)O)C(C)(C)C)O,0
CN1C(=O)[C@](N=C1N)(C2=CC=CC=C2)C3=CC=C(C=C3)OC(F)F,0
CC(C)C1CCN(C1=O)C(C)C(=O)NC(CC2=CC(=CC(=C2)F)F)C(C[NH2+]CC3=CC(=CC=C3)OC)O,0
CC1=NC(N=C1N)(C2=CC=NC=C2)C3=CC=CC(=C3)C4=CC(=CC=C4)OC,0
CC1(CC2=C(C=CC(=C2)Cl)C(=NC(CC3=CC=CC=C3)C4=NC5=C(C=NC=C5)C(=O)N4)N1)C,0
CC(C)CO/N=C(/C)\C1=CC(=CC(=C1)N(C)S(=O)(=O)C)C(=O)N[C@@H](CC2=CC(=CC(=C2)F)F)[C@H](C[NH2+]CC3=CC(=CC=C3)OC)O,0
CC(=O)NC(CC1=CC(=CC(=C1)F)F)C(C[NH2+]C2(CCCCC2)C3=CC(=CC(=C3)Br)C(C)(C)C)O,0
CC(C)(C)C1=CC=CC(=C1)C(CF)[NH2+]CC(C2CC3=CC(=CC=C3)OCCCCNC4=CC(=CC(=C4)C(=O)N2)COC)O,0
CC(C(=O)NC1CCCCC1)[NH2+]CC(C(CC2=CC=CC=C2)NC(=O)C3=CC(=CC=C3)N(CC4=CC=CC=C4)S(=O)(=O)C)O,0
CC(=O)NC(CC1=CC(=CC(=C1)F)F)C(C[NH2+]C2(CCCCC2)C3=CC=CC(=C3)C4CCCO4)O,0
CC1=CC(=CC(=C1)C(C)(C)C)C2(CCCCC2)[NH2+]CC(C(CC3=CC(=CC(=C3)F)F)NC(=O)C)O,0
CCC1=CC(=C(S1)C)C2(C(=O)N(C(=N2)N)C)C3=CC=CC(=C3)C4=CN=CN=C4,0
CC(C)C1=CC=CC(=C1)C[NH2+]CC(C2COC/C=C/CCCNC(=O)C3=CC(=CC(=C3)N(C)S(=O)(=O)C)C(=O)N2)O,0
CCNC1=C2CCCS(=O)(=O)N(C2=CC(=C1)C(=O)NC(CC3=CC=CC=C3)C(C[NH2+]C4CCOCC4)O)C,0
C1CNC2=[N+](C1)C(=N[C@]2(C3=CC4=C(C=C3)OCCO4)C5=CC=CC(=C5)C6=C(N=CC=C6)F)N,0
CC1(C[N+]2=C(N1)[C@@](N=C2N)(C3=CC=C(C=C3)OC(F)(F)F)C4=CC=CC(=C4)C5=C(N=CC=C5)F)C,0
CC(C(=O)NC1CCCCC1)[NH2+]CC(C(CC2=CC=CC=C2)NC(=O)C3=CC(=CC=C3)N(C4=CC=C(C=C4)C#N)S(=O)(=O)C)O,0
CCCCNC(=O)N1C=C(C2=CC=CC=C21)C(=O)NC(CC3=CC(=CC(=C3)F)F)C(C[NH2+]CC4=CC(=CC=C4)OC)O,0
CCCC1=C(C=CC(=C1)CC2CS(=O)(=O)CC(C2O)[NH2+]CC3=CC(=CC=C3)C(C)C)O,0
CC(=O)N[C@@H](CC1=CC(=CC(=C1)F)F)[C@@H](C[NH2+]C(C)(C)C2=CC=CC(=C2)C(C)(C)C)O,0
CN1C(=O)[C@@](N=C1N)(C2=CC=C(C=C2)OC(F)F)C3=CC(=CC=C3)OCCC(F)(F)F,0
CN1C(=O)[C@@](N=C1N)(C2=CC=C(C=C2)OC(F)F)C3=CC(=CC=C3)OC(F)F,0
CCC1=CNC2=C1C=C(C=C2)CC3CS(=O)(=O)CC(C3O)[NH2+]CC4=CC(=CC=C4)C(C)(C)C,0
C1CNC2=[N+](C1)C(=N[C@]2(C3=CC=C(C=C3)OC(F)(F)F)C4=CC=CC(=C4)CCC5CC5)N,0
CC(=O)NC(CC1=CC(=CC(=C1)F)F)C(C[NH2+]C2(CCC(CC2)S(=O)(=O)C)C3=CC(=CC=C3)C(C)(C)C)O,0
CC(=O)NC(CC1=CC(=CC(=C1)F)F)C(C[NH2+]C2(CCC(CC2)NC=O)C3=CC(=CC=C3)C(C)(C)C)O,0
CN1C(=O)[C@@](N=C1N)(C2CCCCC2)C3=CC(=CC=C3)NC(=O)COC,0
CS(=O)(=O)N(C1=CC=NC=C1)C2=CC=CC(=C2)C(=O)NC(CC3=CC=CC=C3)C(C[NH2+]CC4=CC(=CC=C4)C(F)(F)F)O,0
CC(=O)NC(CC1=CC(=CC(=C1)F)F)C(C[NH2+]C2(CCCCC2)C3=NN(C=C3)CC(C)(C)C)O,0
CCCN(CC1CC1)C(=O)N2C=C(C3=C2N=CC=C3)C(=O)NC(CC4=CC(=CC(=C4)F)F)C(C[NH2+]CC5=CC(=CC=C5)OC)O,0
COCC(C(F)(F)F)OC1=C(C(=CC(=C1)CC2CS(=O)CC(C2O)[NH2+]CC3=CC(=CC=C3)OC(F)(F)F)F)N,0
CC(=O)NC(CC1=CC(=CC(=C1)F)F)C(C[NH2+]C2(CCCC2)C3=CC(=CC=C3)C(C)(C)C)O,0
CCCCCOC1=CC=C(C=C1)C2=CC=C(N2CC3=NC(=C(C=C3)NCCCO)N)C4=CC=CC=C4Cl,0
CCCC1=C2C=C(C=CC2=NN1)CC3CS(=O)(=O)CC(C3O)[NH2+]CC4=CC(=CC=C4)C(C)(C)C,0
CC(=O)NC(CC1=CC(=CC(=C1)F)F)C(C[NH2+]C2(CCCCC2)C3=CC(=CC(=C3)I)C(C)(C)C)O,0
CC(=O)NC1=C(C=C(C=C1Cl)C[NH+]=C(N)NC(=O)CN2C=CC3=C2C=C(C=C3)OC)Cl,0
CC(C)(C)C1=CC(=NC=C1)C[NH2+]C2CS(=O)CC(C2O)CC3=CC(=C(C(=C3)F)N)OC(COC)C(F)(F)F,0
CC(=O)N[C@@H](CC1=CC(=CC(=C1)F)F)[C@@H](C[NH2+]C2(CC2)C3=CC(=CC=C3)C(C)(C)C(F)F)O,0
CC1=CC=C(O1)C(=O)NC2=CC3=C(C=C2)OC(CC34C(=O)N(C(=N4)N)C)(C)C,0
CC(=O)NC(CC1=CC(=CC(=C1)F)F)C(C[NH2+]C2(CCC(CC2)NC(=O)OC)C3=CC(=CC=C3)C(C)(C)C)O,0
CC(=O)NC(CC1=CC(=CC(=C1)F)F)C(C[NH2+]C2(CCC(CC2)N(C(=O)C)O)C3=CC(=CC=C3)C(C)(C)C)O,0
CC(C1=CC=CC=C1)NC(=O)C2=CC(=CC(=C2)N(C)S(=O)(=O)C)C(=O)NC(COC3=CC(=CC(=C3)F)F)C(CC(COCC4=CC=CC=C4)OC)O,0
CN1C(=O)C(N=C1N)(C2=CC=NC=C2)C3=CC=CC(=C3)C4=CSC=C4,0
CCCN(CCC)C(=O)N1C=C(C2=CC=CC=C21)C(=O)NC(CC3=CC=CC=C3)C(C[NH2+]CC4=CC(=CC=C4)OC)O,0
CC(C)C(CC(C1COCC2=CC(=CC=C2)C(NC(=O)C3=CC(=CC(=C3)C(=O)N1)N(C)S(=O)(=O)C)C4=CC=CC=C4)O)C(=O)NC(C(=O)NCC5=CC=CC=C5)SC(C)C,0
C1=CC(=CC(=C1)C2(C3=C(C(=CC=C3)F)C(=N2)N)C4=CC(=NC=C4)C(F)(F)F)C5=CN=CN=C5,0
CC(C)CO/N=C(\C)/C1=CC(=CC(=C1)N(C2=CC=CC=C2)S(=O)(=O)C)C(=O)N[C@@H](CC3=CC(=CC(=C3)F)F)[C@H](C[NH2+]CC4=CC(=CC=C4)OC)O,0
CS(=O)(=O)N(C1=CC=CC=C1)C2=CC=CC(=C2)C(=O)NC(CC3=CC=CC=C3)C(C[NH2+]C4CCCCC4)O,0
CCC1=CN2CCS(=O)(=O)OC3=CC(=CC1=C32)C(=O)NC(CC4=CC=CC=C4)[C@@H](C[NH2+]C5CC5)O,0
CN1C(=O)C(N=C1N)(C2=CC3=C(C=C2)OCO3)C4=CC=CC(=C4)C5=CN=CC=C5,0
CN1C(=O)C(N=C1N)(C2=CC=NC=C2)C3=CC=CC(=C3)C4=CC(=CC=C4)C(F)(F)F,0
CC(=O)NC(CC1=CC(=CC(=C1)F)F)C(C[NH2+]C2(CCCCC2)C3=CC(=CC=C3)N4CCCCC4=O)O,0
C1=CC(=CC(=C1)C2(C3=C(C(=CC=C3)F)C(=N2)N)C4=CC(=NC=C4)C(F)(F)F)C5=CN=CC(=C5)C#N,0
CC(=O)NC(CC1=CC(=CC(=C1)F)F)C(C[NH2+]C2(CCCCC2)C3=CC(=CC=C3)C(C)(C)CO)O,0
CN1C(=O)[C@@](N=C1N)(C2=CC=C(C=C2)OC(F)F)C3=CC=CC(=C3)C#C,0
CCN1C(=O)C2(CC(OC3=C2C=C(C=C3)C4=CC(=CC=C4)Cl)(C)C)N=C1N,0
C1CN=C2C(N=C(N2C1)N)(C3=CC=NC=C3)C4=CC=CC(=C4)C5=CN=CC=C5,0
CC(=O)NC(CC1=CC(=CC(=C1)F)F)C(C[NH2+]C2(CCCOC2)C3=CC(=CC=C3)N4C=CC=N4)O,0
CN1C(=O)C(N=C1N)(C2=CC(=C(C=C2)OC)OC)C34CC5CC(C3)CC(C5)C4,0
CN(C1=CC2=CC(=C1)C(=O)NC(COC/C=C/CCNC2=O)C(C[NH2+]CC3=CC=CC=C3)O)S(=O)(=O)C,0
CC1CC2(CC[NH+]1CC3=CC=C(C=C3)O)CN(S(=O)(=O)N2C4=CC(=CC=C4)F)C,0
CC1=NC(N=C1N)(C2=CC=C(C=C2)OC)C3=CC=CC(=C3)C4=CN=CN=C4,0
CC1(CC2(C3=C(O1)C=CC(=C3)C4CCCCC4)C(=O)N(C(=N2)N)C)C,0
CCC1=C(C=CC(=C1)C2(C(=O)N(C(=N2)N)C)C34CC5CC(C3)CC(C5)C4)OC,0
C1=CC=C(C(=C1)C2=CC=C(N2CC3=NC(=CC=C3)N)C4=CC=C(C=C4)OC5=NC=CS5)Cl,0
CS(=O)(=O)N(C1=CC=CC(=C1)C(=O)NC(CC2=CC=CC=C2)C(C[NH2+]CC3=CC(=CC=C3)C(F)(F)F)O)C4=CC=CC=N4,0
CC(=O)N[C@@H](CC1=CC(=CC(=C1)F)F)[C@@H](C[NH2+]C2(CCOCC2)C3=CC=CC(=C3)[C@H]4CCOC4)O,0
CC(=O)N[C@@H](CC1=CC(=CC(=C1)F)F)[C@@H](C[NH2+]C2(CC2)C3=CC(=CC=C3)C(C)(C)CF)O,0
CC(C)C1=CC=CC(=C1)C[NH2+]CC(C2CC3=CC(=CC=C3)OCCCCNC4=CC=CC(=C4)C(=O)N2)O,0
CC1(C(COC(=N1)N)(F)F)C2=C(C=CC(=C2)NC(=O)C3=CC=CC=N3)F,0
CC1(CN(C(=O)C(=N1)N)C)C2=CC(=CC=C2)NC(=O)C3=NC=C(C=C3)Cl,0
CC1=CC(=CC(=N1)C(C)C)C2(C(=O)N(C(=N2)N)C)C3=CC=CC(=C3)C4=CN=CN=C4,0
CC(C(=O)NC1CCCCC1)[NH2+]CC(C(CC2=CC=CC=C2)NC(=O)C3=CC(=CC=C3)N(C4CCCCC4)S(=O)(=O)C)O,0
CC(C)C1=CC=CC(=C1)C[NH2+]C2CS(=O)(=O)CC(C2O)CC3=CC(=C(C=C3)O)Br,0
CC(C1=CC=C(C=C1)F)NC(=O)C2=CC(=CC(=C2)COC(=O)C(CC3=CC=CC=C3)(CO)[NH3+])N(C)S(=O)(=O)C,0
CC(C(=O)NC1CCCCC1)[NH2+]CC(C(CC2=CC=CC=C2)NC(=O)C3=CC(=CC=C3)N(C4=CC=CC=C4C#N)S(=O)(=O)C)O,0
CC1=NC(N=C1N)(C2CC2)C3=CC=CC(=C3)C4=CC(=CN=C4)Cl,0
CC1(CC2=C(C=CC(=C2)Cl)C(=NC(CC3=CSC=C3Br)C(=O)[O-])N1)C,0
CC(=O)NC(CC1=CC(=CC(=C1)F)F)C(C[NH2+]C2(CCCCC2)C3=CC(=CC(=C3)N)C(C)(C)C)O,0
CN1C(=O)C(N=C1N)(C2=CC=C(C=C2)OC(F)(F)F)C3=CC(=CC(=C3)C4=CN=CN=C4)F,0
CC(C)C1=CC(=CS1)C2(CCCCC2)[NH2+]CC(C(CC3=CC(=CC(=C3)F)F)NC(=O)C)O,0
CC1=NN2C(=C1)C(N=C2N)(C3=CC=C(C=C3)OC)C4=CC=CC(=C4)C5=CN=CN=C5,0
CC(=O)NC(CC1=CC(=CC(=C1)F)F)C(C[NH2+]C2(CCCN(C2)C(=O)N)C3=CC(=CC=C3)C(C)(C)C)O,0
CCOC1=CC=C(C=C1)C2(C(=O)N(C(=N2)N)C)C34CC5CC(C3)CC(C5)C4,0
CN1C(=O)[C@@](N=C1N)(C2=CC=C(C=C2)OC(F)F)C3=CC=CC(=C3)C#CC4CCCCC4,0
CC1=NC(N=C1N)(C2=CC=C(C=C2)OC)C3=CC=CC(=C3)C4=CN=CC=C4,0
CC(=O)NC(CC1=CC(=CC(=C1)F)F)C(C[NH2+]C2(CCCCC2)C3=CC(=CC=C3)N4C5CCC(C5)C4=O)O,0
CC(=O)NC(CC1=CC(=CC(=C1)F)F)C(C[NH2+]C2(CC2)C3=CC=CC(=C3)CC(C)(C)C)O,0
CC(C1=CC=C(C=C1)F)NC(=O)C2=CC(=CC(=C2)COCC(C)(CC3=CC=CC=C3)[NH3+])N(C)S(=O)(=O)C,0
CC1(CC2(C3=C(O1)C=CC(=C3)C4=CC(=CC=C4)SC)C(=O)N(C(=N2)N)C)C,0
CC(=O)NC(CC1=CC(=CC(=C1)F)F)C(C[NH2+]C2(CC2)C3=CN(N=C3)CC(C)(C)C)O,0
CC1(C(=O)NCC(=N1)N)C2=CC(=CC=C2)NC(=O)C3=NC=C(C=C3)Cl,0
CC(=O)NC1CCC(CC1)(C2=CC(=CC=C2)C(C)(C)C)[NH2+]CC(C(CC3=CC(=CC(=C3)F)F)NC(=O)C)O,0
CCCCNC(=O)NCC1=CC=C(C=C1)CN2C(=O)C(N=C2N)(CCC3CCCCC3)CC4CCCCC4,0
CC(C)(C)C1=CC=CC(=C1)C[NH2+]C2CS(=O)(=O)CC(C2O)CC3=CC(=C(C=C3)N)F,0
CC(C)C1=CSC(=C1)C2(CCCCC2)[NH2+]CC(C(CC3=CC(=CC(=C3)F)F)NC(=O)C)O,0
CCC1=CN2CCS(=O)(=O)OC3=CC(=CC1=C32)C(=O)NC(CC4=CC=CC=C4)[C@@H](C[NH2+]CC#C)O,0
C1CNC2=[N+](C1)C(=N[C@@]2(C3=CC=C(C=C3)OC(F)(F)F)C4=CC=CC(=C4)C5=C(N=CC=C5)F)N,0
CCCCNC(=O)C(C)CC(C(CC(C)C)NC(=O)C(CCSC)NC(=O)C(C(C)C)NC(=O)C)O,0
CC(=O)NC(CC1=CC(=CC(=C1)F)F)C(C[NH2+]C2(CCCCC2)C3=CC=CC(=C3)C4=CC=CS4)O,0
CCC1=C(C=CC(=C1)CC2CS(=O)(=O)CC(C2O)[NH2+]CC3=CC(=CC=C3)C(C)C)O,0
CC1=C(C=CS1)C2(C(=O)N(C(=N2)N)C)C3=CC=CC(=C3)C4=CN=CN=C4,0
CC(=O)NC(CC1=CC(=CC(=C1)F)F)C(C[NH2+]C2(CCN(CC2)C(=O)N)C3=CC(=CC=C3)C(C)(C)C)O,0
CC(=O)NC(CC1=CC(=CC(=C1)F)F)C(C[NH2+]C2(CCC(CC2)C#N)C3=CC(=CC=C3)C(C)(C)C)O,0
CN1C(=O)C(N=C1N)(C2CCCCC2)C3=CC(=CC=C3)NC(=O)C4=CC5=C(C=C4)OCO5,0
C/C=C(\C)/C1=CC(=CC=C1)C2(CCCCC2)[NH2+]CC(C(CC3=CC(=CC(=C3)F)F)NC(=O)C)O,0
C1CCC(CC1)C2(C(=O)N(C(=N2)N)CC3CCC(CC3)C(=O)[O-])C4=CC=CC=C4,0
CC(=O)N[C@@H](CC1=CC(=CC(=C1)F)F)[C@@H](C[NH2+]C2(CC2)C3=CC(=CC=C3)C(C)(CF)CF)O,0
CC(CC1=C(N=C2C=CC(=CC2=C1)C3=C(C=CC=N3)C#N)N)C(=O)NCCC(C)(C)C,0
CC(=O)NC(CC1=CC(=CC(=C1)F)F)C(C[NH2+]C2(CCCCC2)C3=CN(N=N3)C45CC6CC(C4)CC(C6)C5)O,0
CC(=O)NC(CC1=CC(=CC(=C1)F)F)C(C[NH2+]C2(CCCN(C2)O)C3=CC(=CC=C3)C(C)(C)C)O,0
CC(=O)NC(CC1=CC(=CC(=C1)F)F)C(C[NH2+]C2(CCC(CC2)NS(=O)(=O)C)C3=CC(=CC=C3)C(C)(C)C)O,0
COC1=NC=CC(=C1)C2(C3=C(C(=CC=C3)F)C(=N2)N)C4=CC=CC(=C4)C5=CN=CN=C5,0
C1=CC=C(C(=C1)C2=CC=C(N2CC3=NC(=CC=C3)N)C4=CC=C(C=C4)OC5=CN=CC=C5)Cl,0
C1=CC=C(C(=C1)C2=CC=C(N2CC3=NC(=CC=C3)N)C4=CC=C(C=C4)OC5=NN=CC=C5)Cl,0
CC(=O)NC(CC1=CC(=CC(=C1)F)F)C(C[NH2+]C2(CCCCC2)C3=CC(=CC=C3)N(C)C)O,0
CCN1C2=C(C(=CC(=C2)C(=O)NC(CC3=CC=CC=C3)C(C[NH2+]CC4=CC(=CC=C4)OC)O)N5CCCC5=O)NC1=O,0
CC(C)CO/N=C(/C)\C1=CC(=CC(=C1)N2CCCCS2(=O)=O)C(=O)N[C@@H](CC3=CC(=CC(=C3)F)F)[C@H](C[NH2+]CC4=CC(=CC=C4)OC)O,0
CC(C)COC1=CC2=C(C=C1)OC(CC23C(=O)N(C(=N3)N)C)(C)C,0
CS(=O)(=O)N(C1=CC=CC=C1)C2=CC=CC(=C2)C(=O)NC(CC3=CC=CC=C3)C(C[NH2+]C4CC4)O,0
CC1(C(COC(=N1)N)(F)F)C2=C(C=CC(=C2)NC(=O)C3=NN(C=C3)C)F,0
CC(=O)NC(CC1=CC(=CC(=C1)F)F)C(C[NH2+]C2(CC2)C3=CN(N=N3)CC(C)(C)C)O,0
CC1(CC2=C(C=CC(=C2)Cl)C(=NC(CC3=CSC=C3C4=CNN=C4)C(=O)[O-])N1)C,0
CC(=O)NC1=C(C=C(C=C1Cl)C[NH+]=C(N)NC(=O)CN2C=CC3=C2C=CC(=C3)OC)Cl,0
CC1(CC2(C3=C(O1)C=CC(=C3)C4=CC=CC=C4)C(=O)N(C(=N2)N)C)C,0
C1=CC=C(C(=C1)C2=CC=C(N2CC3=NC(=CC=C3)N)C4=CC=C(C=C4)OC5=NC=CN=C5)Cl,0
CC(=O)NC(CC1=CC(=CC(=C1)F)F)C(C[NH2+]C2(CCCCC2)C3=CC(=CC=C3)I)O,0
CN1C(=O)C(N=C1N)(C2=CC=C(C=C2)OC(F)(F)F)C34CC5CC(C3)CC(C5)C4,0
CC1=CC(=C(S1)Cl)C2(C(=O)N(C(=N2)N)C)C3=CC=CC(=C3)C4=CN=CN=C4,0
CC1(CC2=C(C=CC(=C2)Cl)C(=NC(CC3=CC=CC=C3)C4=NC=C(C(=O)N4)C#N)N1)C,0
CC(C)OCC(CC(C(COC1=CC(=CC(=C1)F)F)NC(=O)C2=CC(=CC(=C2)C(=O)NC(C)C3=CC=CC=C3)N(C)S(=O)(=O)C)O)OC,0
CC(C(=O)NC(CC1=CC(=CC(=C1)F)F)C(C[NH2+]CC2=CC(=CC=C2)OC)O)N3CCC(C3=O)COC,0
CCC1=CN2CCCS(=O)(=O)NC3=CC(=CC1=C32)C(=O)NC(CC4=CC=CC=C4)C(C[NH2+]C5CC5)O,0
CCCN(CCC)C(=O)C1=CC(=CC(=C1)C(=O)NC(CC2=CC(=CC(=C2)F)F)C(C3C[NH2+]CC[NH2+]3)O)C,0
CC1=NC(N=C1N)(C2=CC=C(C=C2)F)C3=CC=CC(=C3)C4=CN=CC=C4,0
CC(=O)NC(CC1=CC(=CC(=C1)F)F)C(C[NH2+]C2(CCC(CC2)NC3=CN=CC=C3)C4=CC(=CC=C4)C(C)(C)C)O,0
CC1=CC2=CC(=C1)C(=O)NC(COC/C=C/CCNC2=O)C(C[NH2+]CC3=CC(=CC=C3)C(C)C)O,0
C1=CC=C2C(=C1)C(=NC2(C3=CC=NC=C3)C4=CC=CC(=C4)C5=CN=CN=C5)N,0
COC1=CC=CC(=C1)C2=CC(=CC=C2)C3(N=C(CS3)N)C4=CC=NC=C4,0
CC1(CC2(C3=C(O1)C=CC(=C3)C4=NSC=C4)C(=O)N(C(=N2)N)C)C,0
CC#CC1=CSC=C1CC(C(=O)[O-])N=C2C3=C(CC(N2)(C)C)C=C(C=C3)Cl,0
CN1C(=O)C(N=C1N)(C2=CC=C(C=C2)OC(F)(F)F)C3=CC=CC(=C3)C4=C(N=CC=C4)OC,0
CC(C)(C)C1=CC=CC(=C1)C[NH2+]C2CS(=O)CC(C2O)CC3=CC(=C(C(=C3)F)N)O,0
CN1C(=O)[C@@](N=C1N)(C2=CC=C(C=C2)OC(F)F)C3=CC=CC(=C3)/C(=C/C4CC4)/F,0
CCN1CC[NH+]2CCS(=O)(=O)N(C3C2C1=CC(=C3)C(=O)NC(CC4=CC=CC=C4)C(C[NH2+]C5CC5)O)C,0
CCCCCOC1=CC=C(C=C1)C2=CC=C(N2CC3=NC(=CC=C3)N)C4=CC=CC=C4Cl,0
CC1(C2=CC=CC=C2C(=N1)N)C3=CC(=CC=C3)NC(=O)C4=NC=C(C=C4)Cl,0
CC1=C(C=CC(=C1)C2(C(=O)N(C(=N2)N)C)C3=CC(=C(C=C3)F)C4=C(N=CC=C4)F)OC,0
CC(=O)NC(CC1=CC(=CC(=C1)F)F)C(C[NH2+]C2(CCCCC2)C3=CC=CC(=C3)C4CCOCOC4)O,0
CC(C)(C)C1=CC=CC(=C1)C[NH2+]C2CS(=O)(=O)CC(C2O)CC3=CC4=C(C(=C3)F)NCC45CCC5,0
CC1(CC2=C(C=CC(=C2)Cl)C(=NC(CC3=CC=CC=C3)C4=NC=C(C(=O)N4)Cl)N1)C,0
CC1(CC2=C(C=CC(=C2)Cl)C(=NC(CC3=CSC=C3CCC4CC4)C(=O)[O-])N1)C,0
CCC(=O)NC(C)(C)C1CCCC(C1)C(=O)NC(CC2=CC=CC=C2)C(C[NH2+]CC3=CC(=CC=C3)C(C)C)O,0
CC(=O)NC(CC1=CC(=CC(=C1)F)F)C(C[NH2+]C2(CC2)C3=CC=CC(=C3)C4CCCO4)O,0
CC(=O)NC(CC1=CC(=CC(=C1)F)F)C(C[NH2+]C2(CC2)C3=CC=CC(=C3)C4(CCCO4)C)O,0
C=CCNC(=O)C1=CC=C(C=C1)C2=CC=C(N2CC3=NC(=CC=C3)N)C4=CC=CC=C4,0
C1=CC=C(C(=C1)C2=CC=C(N2CC3=NC(=CC=C3)N)C4=CC=C(C=C4)OC5=CC=NC=C5)Cl,0
CC1(CC2=C(C=CC(=C2)Cl)C(=NC(CC3=CC=CC=C3)C4=NC=C(C(=O)N4)I)N1)C,0
CCC(C)C1(CCN(C1=O)C(CCC2=CC=CC=C2)C(=O)NC(CC3=CC(=CC(=C3)F)F)[C@@H]([C@@H]4CC5=CC=CC=C5C[NH2+]4)O)NC(=O)C,0
C1CN(C(CC1C2=CC=CC=C2)C3=CC=CC=C3)C(=O)C4C[NH2+]CC4C5=CC=CC=C5Br,0
CC1(CC2(C3=C(O1)C=CC(=C3)C4=CC(=CC=C4)Cl)C(=O)N(C(=N2)N)CC(F)(F)F)C,0
CC(=O)N[C@@H](CC1=CC(=CC(=C1)F)F)[C@@H](C[NH2+]C2(CCC2)C3=CC(=CC=C3)C(C)(C)C)O,0
CC(C)(C)C1=CC=CC(=C1)C[NH2+]C2CS(=O)(=O)CC(C2O)CC3=CC(=CC=C3)Br,0
CCCC1=CSC=C1CC(C(=O)[O-])N=C2C3=C(CC(N2)(C)C)C=C(C=C3)Cl,0
CC1=C(C=CC(=C1)C2(C(=O)N(C(=N2)N)C)C3=CC(=C(C=C3)C#N)C4=CN=CC=C4)OC,0
CN1C(=O)C(N=C1N)(C2=CC=NC=C2)C3=CC=CC(=C3)C4=COC=C4,0
CCC1=CSC=C1CC(C(=O)[O-])N=C2C3=C(CC(N2)(C)C)C=C(C=C3)Cl,0
CC1(N=C(CCS1)N)C2=CC=CC(=C2)C3=CC(=CC=C3)OC,0
CC1=NC2=C(S1)C(N=C2N)(C3=CC=C(C=C3)OC)C4=CC=CC(=C4)C5=CN=CN=C5,0
CC(=O)NC(CC1=CC(=CC(=C1)F)F)C(C[NH2+]C2(CC2)C3=NC=CC(=C3)C(C)(C)C)O,0
CC(C)(C)C1=CC=CC(=C1)C(COC)[NH2+]CC(C2CC3=CC(=CC=C3)OCCCCNC4=CC(=CC(=C4)C(=O)N2)COC)O,0
CCCOC1=CC=CC(=C1)CC2CS(=O)(=O)CC(C2O)[NH2+]CC3=CC(=CC=C3)C(C)(C)C,0
CCC1=CC(=CC=C1)C2(CCCCC2)[NH2+]CC(C(CC3=CC(=CC(=C3)F)F)NC(=O)C)O,0
CC(=O)NC(CC1=CC(=CC(=C1)F)F)C(C[NH2+]C2(CCCCC2)C3=CC(=CC=C3)N4CCCOCC4)O,0
CC1(CC2(C3=C(C1=O)C=CC(=C3)C4=CN=CN=C4)C(=O)N(C(=N2)N)C)C,0
CC1(CC2=C(C=CC(=C2)Cl)C(=NC(CC3=C(C=CS3)Br)C(=O)[O-])N1)C,0
CC(=O)NC(CC1=CC(=CC(=C1)F)F)C(C[NH2+]C2(CCCCC2)C3=CC(=CC=C3)S(=O)(=O)C)O,0
CC(=O)NC(CC1=CC(=CC(=C1)F)F)C(C[NH2+]C2(CC2)C3=C[N+](=CC(=C3)CC(C)(C)C)[O-])O,0
C1CNC2=[N+](C1)C(=N[C@]2(C3=CC4=C(C=C3)OC(O4)(F)F)C5=CC=CC(=C5)C6=C(N=CC=C6)F)N,0
COC1=CC(=C(C=C1)F)C2=CC3=C(C=C2)OC4=C(C35COC(=N5)N)C=C(C=C4)OC,0
CC(=O)NC(CC1=CC(=CC(=C1)F)F)C(C[NH2+]C2(CCCCC2)C3=CC(=CC=C3)N4CCCOCC4=O)O,0
CC1(CC2=C(C=CC(=C2)Cl)C(=NC(CC3=CC=CC=C3)C4=NOC(=O)N4)N1)C,0
CC(=O)N[C@@H](CC1=CC(=CC(=C1)F)F)[C@@H](C[NH2+]C2(CC2)C3=CC=CC(=C3)[C@H]4CCOC4)O,0
CC(C)C1=CC=CC(=C1)C[NH2+]C2CS(=O)(=O)CC(C2O)CC3=CC(=CC=C3)Br,0
CC1(CC2=C(C=CC(=C2)Cl)C(=NC(CC3=CSC=C3C#C)C(=O)[O-])N1)C,0
C1C2C1(N=C(SC2)N)C3=CC(=CC=C3)NC(=O)C4=NC=C(C=C4)Cl,0
CC(=O)NC(CC1=CC(=CC(=C1)F)F)C(C[NH2+]C2(CC2)C3=CN=CC(=C3)CC(C)(C)C)O,0
CC1(CC2=C(C=C(C=C2)C3=CC(=CN=C3)Cl)C4(C1)COC(=N4)N)C,0
COC1=CC=C(C=C1)C2(N=C(CS2)N)C3=CC=CC(=C3)C4=CN=CC=C4,0
CCCCNC(=O)C(C)CC(C(CC1=CC=CC=C1)NC(=O)C2CCCC(C2)C(C(C)C)NC(=O)C)O,0
CC(=O)NC(CC1=CC(=CC(=C1)F)F)C(C[NH2+]C2(CCCCC2)C3=CC=CC(=C3)C4CCCC4=O)O,0
COC1=CC2=C(C=C1)OC3=C(C24COC(=N4)N)C=C(C=C3)C5=C(N=CC=C5)F,0
CC1=NC(N=C1N)(C2CCN(CC2)C(=O)C)C3=CC=CC(=C3)C4=CC(=CC=C4)OC,0
C1=CC=C(C(=C1)C2=CC=C(N2CC3=NC(=CC=C3)N)C4=CC=C(C=C4)OC5=CC=CC=N5)Cl,0
CC(C)CC1=CC(=CC=C1)C2(CCCCC2)[NH2+]CC(C(CC3=CC(=CC(=C3)F)F)NC(=O)C)O,0
CC1(C(=O)N(CC(=N1)N)C)C2=CC(=CC=C2)NC(=O)C3=NC=C(C=C3)C#N,0
CC(=O)NC(CC1=CC(=CC(=C1)F)F)C(C[NH2+]C2(CCCCC2)C3=CC(=CC=C3)N4CCCC4=O)O,0
CC1(CC2=C(C=CC(=C2)Cl)C(=NC(CC3=CSC=C3C4=NC=CO4)C(=O)[O-])N1)C,0
CC(C1=CC=C(C=C1)F)NC(=O)C2=CC(=CC(=C2)C3=NNC(=N3)C(C)(CC4=CC=CC=C4)[NH3+])N(C)S(=O)(=O)C,0
CC(=O)NC1=C(C=C(C=C1Cl)C[NH+]=C(N)NC(=O)CN2C=CC3=C2C=C(C=C3)CN(C)S(=O)(=O)C)Cl,0
C1=CC=C(C=C1)OC2=CC=C(C=C2)C3=CC=C(N3CC4=NC(=CC=C4)N)C5=CC=CC=C5Cl,0
CC(=O)NC(CC1=CC(=CC(=C1)F)F)C(C[NH2+]C2(CCCN(C2)C(=O)OCC3=CC=CC=C3)C4=CC(=CC=C4)C(C)(C)C)O,0
CN1C=CC=C1C(=O)NC2=CC=CC(=C2)C3(C(=O)N(C(=N3)N)C)C4CCCCC4,0
CCCCN(C)C(=O)N1C=C(C2=C1C=CC(=C2)C(=O)OCC3=CC=CC=C3)C(=O)NC(CC4=CC(=CC(=C4)F)F)C(C[NH2+]CC5=CC(=CC=C5)OC)O,0
CCCCOC1=CC=C(C=C1)C2(C(=O)N(C(=N2)N)C)C34CC5CC(C3)CC(C5)C4,0
CC(=O)NC(CC1=CC(=CC(=C1)F)F)C(C[NH2+]C2(CC2)C3=NN(C=C3)CC(C)(C)C)O,0
CCC(C)C1(CCN(C1=O)C(CCC2=CC=CC=C2)C(=O)NC(CC3=CC(=CC(=C3)F)F)C(C4CC5=C(C[NH2+]4)C(=CC=C5)O)O)NC(=O)C,0
CCC1=C(C(=CC(=C1)CC2CS(=O)(=O)CC(C2O)[NH2+]CC3=CC(=CC=C3)C(C)(C)C)F)N,0
CN1C(=O)C(N=C1N)(C2=CC=C(C=C2)OC(F)(F)F)C3=CC=CC(=C3)C4=CN=C(C=C4)OC,0
CCC1=CC(=CC=C1)[C@@]2(C(=O)N(C(=N2)N)C)C3=CC=C(C=C3)OC(F)F,0
COC1=CC2=C(C=C1)OC3=C(C24COC(=N4)N)C=C(C=C3)C5=C(C(=CC=C5)OC)F,0
COC1=CC2=C(C=C1)OC3=C(C24COC(=N4)N)C=C(C=C3)C5=CN=C(C=C5)F,0
C1=CC=C(C=C1)CC(C(C[NH2+]CC2=CC(=CC=C2)C(F)(F)F)O)NC(=O)C3=CC(=CC=C3)N4C5=CC=CC=C5OS4(=O)=O,0
CC(C1=CC=C(C=C1)F)NC(=O)C2=CC(=CC(=C2)COCC(CC3=CC=CC=C3)(C(F)F)[NH3+])N(C)S(=O)(=O)C,0
CC1=C(C=C(C=C1)C(=O)NC(CC2=CC=CC=C2)C(C[NH2+]CC3=CC(=CC=C3)C(F)(F)F)O)N(C4=CC=CC=C4)S(=O)(=O)C,0
CC(=O)NC(CC1=CC(=CC(=C1)F)F)C(C[NH2+]C2(CCCCC2)C3=CC=CC(=C3)C4CCCC4)O,0
C1CCC(CC1)C2(C(=O)N(C(=N2)N)CCCCCC(=O)[O-])C3=CC=CC=C3,0
CC(=O)NC(CC1=CC=CC=C1)C(C[NH2+]C2CC3(CCC3)OC4=C2C=C(C=N4)Cl)O,0
C1=CC=C(C(=C1)C2=CC=C(N2CC3=NC(=CC=C3)N)C4=CC=C(C=C4)NC5=CN=CN=C5)Cl,0
CC(=O)N[C@@H](CC1=CC(=CC(=C1)F)F)[C@@H](C[NH2+]C2(CC2)C3=CC(=CC=C3)N4C=CC=N4)O,0
CN1C(=O)C(N=C1N)(C2CCCCC2)C3=CC=CC=C3,0
CC(C)C1=CC=CC(=C1)C[NH2+]C2CS(=O)(=O)CC(C2O)CC3=CC(=C(C=C3)O)CCO,0
CC(C1=CC=C(C=C1)F)NC(=O)C2=CC(=CC(=C2)COCC(CC3=CC=CC=C3)(CF)[NH3+])N(C)S(=O)(=O)C,0
CC(=O)NC(CC1=CC(=CC(=C1)F)F)C(C[NH2+]C2(CCCCC2)C3=CC(=CC=C3)N4CCCNC4=O)O,0
CCCCC1CCN(C1=O)C(CCC2=CC=CC=C2)C(=O)NC(CC3=CC(=CC(=C3)F)F)C(C4CC5=CC=CC=C5C[NH2+]4)O,0
CC1(N=C(CCS1)N)C2=CC=CC(=C2)C3=CN=CN=C3,0
CC(=O)NC1=C(C=C(C=C1Cl)C[NH+]=C(N)NC(=O)CN2C=CC3=CC=CC=C32)Cl,0
CC1(C(=O)N(C(=N1)N)C)C2=CC(=CC=C2)NC(=O)C3=NC=C(C=C3)Cl,0
C1CCC(CC1)C2(C(=O)N(C(=N2)N)CC3CCCO3)C4=CC=CC=C4,0
CN1C(=O)C(N=C1N)(C2CCCCC2)C3CCCCC3,0
C1CCC(CC1)C2(C(=O)N(C(=N2)N)CC3=CC(=CC(=C3)F)F)C4=CC=CC=C4,0
CC1(CC2=C(C=CC(=C2)Cl)C(=NC(CC3=CSC=C3C4=CN(N=C4)C)C(=O)[O-])N1)C,0
COC1=CC=C(C=C1)C(CC2=C(C=CC(=C2)[N+](=O)[O-])OC)C3=CSC(=N3)N,0
CC(=O)NC(CC1=CC(=CC(=C1)F)F)C(C[NH2+]C2(CCCCC2)C3=CC=CC(=C3)C4=CC=CO4)O,0
CCCCOC(=O)N1C=C(C2=CC=CC=C21)C(=O)NC(CC3=CC(=CC(=C3)F)F)C(C[NH2+]CC4=CC(=CC=C4)OC)O,0
CC(C)C1=CC=CC(=C1)C[NH2+]C2CS(=O)(=O)CC(C2O)CC3=CC=CC=C3,0
CCCOCC1=CC=CC(=C1)CC2CS(=O)(=O)CC(C2O)[NH2+]CC3=CC(=CC=C3)C(C)C,0
CCCN(CCC)C(=O)C1=CC=CC(=C1)C(=O)NC(CC2=CC(=CC(=C2)F)F)C(C3CC4=CC=CC=C4C[NH2+]3)O,0
CCC1=C2C=C(C=CC2=NN1)C[NH+]3CCC4(CC3C)CN(S(=O)(=O)N4C5=CC(=CC=C5)F)C,0
CCCOC1=CC=C(C=C1)C2=CC=C(N2CC3=NC(=CC=C3)N)C4=CC=CC=C4Cl,0
COC1=CC2=C(C=C1)OC3=C(C24COC(=N4)N)C=C(C=C3)C5=C(C(=CC=C5)Cl)F,0
COC1=CC2=C(C=C1)OC3=C(C24COC(=N4)N)C=C(C=C3)C5=CC=CC=C5,0
C1CC1NC(=O)C2=CC=C(C=C2)C3=CC=C(N3CC4=NC(=CC=C4)N)C5=CC=CC=C5,0
CC(C)C1=CC=CC(=C1)C[NH2+]C2CS(=O)(=O)CC(C2O)CC3=CC(=C(C=C3)O)CO,0
CCCCN(C)C(=O)N1C=C(C2=C1N=CC=C2)C(=O)NC(CC3=CC(=CC(=C3)F)F)C(C4CC5=CC=CC=C5C[NH2+]4)O,0
CCOC1=C(C=CC(=C1)C[NH+]2CCC3(CC2C)CN(S(=O)(=O)N3C4=CC(=CC=C4)F)C)O,0
C1C(N=C(O1)N)(C2=CC=C(C=C2)OC(F)F)C3=CC=CC(=C3)C4=C(N=CC=C4)F,0
C1CCC(CC1)C2(C(=O)N(C(=N2)N)CC3=CC=CC=C3)C4=CC=CC=C4,0
CN1C(=O)[C@](N=C1N)(C2=CC=CC=C2)C3=CC=C(C=C3)OCCF,0
CC(C)C(C(=O)NCC1=CC=CC=C1)NC(=O)C(C)CC(C(COCC2=CC(=CC(=C2)F)F)NC(=O)C3=CC(=CC(=C3)C(=O)NC)N(C)S(=O)(=O)C)O,0
CC1(CC2=C(C=CC(=C2)Cl)C(=NC(CC3=CSC=C3C4=CC=NN4)C(=O)[O-])N1)C,0
CC1=NC(N=C1N)(C2=CC=CC=C2)C3=CC=CC(=C3)C4=CN=CC=C4,0
CC1(CC(=O)N(C(=N1)N)C)CCC2=CC(=CC=C2)C3=CC=CC=C3,0
CC(=O)NC(CC1=CC(=CC(=C1)F)F)C(C[NH2+]C2(CCCN(C2)C(=O)C)C3=CC(=CC=C3)C(C)(C)C)O,0
CC(C(=O)NC1CCCCC1)[NH2+]CC(C(CC2=CC=CC=C2)NC(=O)C3=CC(=CC=C3)N(C4=CC=CC=C4)C(=O)C)O,0
CC(=O)NC(CC1=CC(=CC(=C1)F)F)C(C[NH2+]C2(CCCCC2)C3=CC(=CC=C3)N4CCOCC4=O)O,0
CC(=O)NC(CC1=CC(=CC(=C1)F)F)C(C[NH2+]C2(CCCCC2)C3=CC(=CC=C3)N4CCOC4=O)O,0
CC(=O)N[C@@H](CC1=CC(=CC(=C1)F)F)[C@@H](C[NH2+]CC2=CC(=CC=C2)C(C)(C)C)O,0
CC(=O)N[C@@H](CC1=CC(=CC(=C1)F)F)[C@@H](C[NH2+]C2(CC2)C3=CC=CC(=C3)C(=C)C(F)(F)F)O,0
CC1CC2(CC[NH+]1CC3=CC(=CC=C3)OC(C)C)CNS(=O)(=O)N2C4=CC(=CC=C4)F,0
CC1(CC2=C(C=C(C=C2)C3=CN=CN=C3)C4(C1)COC(=N4)N)C,0
CN1C(=O)C(N=C1N)(C2CCCCC2)C3=CC(=CC=C3)NC(=O)C4=CC(=CC=C4)OC,0
CN1C(=O)C(N=C1N)(C2=CC=C(C=C2)OC(F)(F)F)C3=CC=CC(=C3F)C4=CN=CN=C4,0
CC(C1=CC=C(C=C1)F)NC(=O)C2=CC(=CC(=C2)COCC(CC3=CC=CC=C3)(CO)[NH3+])N(C)S(=O)(=O)C,0
CC1(C(=O)N(CC(=N1)N)C)C2=CC(=CC=C2)NC(=O)C3=NC=C(C=C3)C(F)(F)F,0
CC1=CC(=CC(=N1)C)C2(C3=C(C(=CC=C3)F)C(=N2)N)C4=CC=CC(=C4)C5=CN=CN=C5,0
CCCCCCN1C(=O)C(N=C1N)(C2CCCCC2)C3=CC=CC=C3,0
CN1C(=O)[C@](N=C1N)(C2=CC=C(C=C2)OC(F)(F)F)C3=CC(=C(C=C3)F)C4=CN=CN=C4,0
CC(=O)NC(CC1=CC(=CC(=C1)F)F)C(C[NH2+]C2(CCCCC2)C3=CC(=CC=C3)N4CCNC4=O)O,0
CC(C)OC1=CC=CC(=C1)C[NH2+]C2CS(=O)(=O)CC(C2O)CC3=CC(=C(C=C3)O)Br,0
CC1=NC(N=C1N)(C2CCCCC2)C3=CC=CC(=C3)C4=CN=CC=C4,0
CN1C(=O)[C@](N=C1N)(C2=CC=CC=C2)C3=CC=C(C=C3)OC(F)(F)F,0
CCCC1=CC(=CC=C1)C2(C3=[N+](CCCN3)C(=N2)N)C4=CC=C(C=C4)OC(F)(F)F,0
CC(C)(C)C1=CC=CC(=C1)C[NH2+]C2CS(=O)(=O)CC(C2O)CC3=CC4=C(C=C3)NN=C4,0
CC1(CC2(C3=C(C1(F)F)C=CC(=C3)C4=CN=CN=C4)C(=O)N(C(=N2)N)C)C,0
CC(C1=CC=CC=C1)NC(=O)C2=CC(=CC(=C2)N(C)S(=O)(=O)C)C(=O)NC(COC3=CC(=CC(=C3)F)F)C(CC(CNC4=CC=CC=C4)OC)O,0
CC(C1=CC=CC=C1)NC(=O)C2=CC(=CC(=C2)N(C)S(=O)(=O)C)C(=O)NC(COC3=CC(=CC(=C3)F)F)C(CC(CNC4=CC=C(C=C4)F)OC)O,0
CCC1=CN2CCS(=O)(=O)N(C3=C2C1=C(C=C3)C(=O)NC(COC4=CC(=CC(=C4)F)F)C(CC(COCC5=CC=C(C=C5)OC)OC)O)C,0
CCN(CC)C(=O)N1C=C(C2=CC=CC=C21)C(=O)NC(CC3=CC=CC=C3)C(C[NH2+]CC4=CC(=CC=C4)OC)O,0
CC1CC2(CC[NH+]1CC3=CC(=CC=C3)OC(C)C)CN(S(=O)(=O)N2C4=CC(=CC=C4)F)C5=NC=CC=N5,0
CC1=CC(=CC(=C1OC)C)[C@@]2(N=C(C(=N2)N)C)C3=CC=CC(=C3)C4=CN=CN=C4,0
COC1=CC2=C(C=C1)OC3=C(C24COC(=N4)N)C=C(C=C3)C5=C(C=C(C=C5)Cl)F,0
CC(=O)NC(CC1=CC(=CC(=C1)F)F)C(C[NH2+]C2(CCCCC2)C3=NC=C(O3)C(C)(C)C)O,0
CC(=O)NC(CC1=CC(=CC(=C1)F)F)C(C[NH2+]C2(CCCCC2)C3=CC(=CC=C3)N4C=CN=C4)O,0
CCCCC1CCN(C1=O)C(C)C(=O)NC(CC2=CC(=CC(=C2)F)F)C(C3CC4=CC=CC=C4C[NH2+]3)O,0
CC1CC2(CC[NH+]1CC3=CC(=C(C=C3)O)Cl)CN(S(=O)(=O)N2C4=CC(=CC=C4)F)C,0
CC(=O)NC(CC1=CC(=CC(=C1)F)F)C(C[NH2+]C2(CC2)C3=CC=C(S3)CC(C)(C)C)O,0
CC(C)(C)C1=CC=CC(=C1)C[NH2+]C2CS(=O)(=O)CC(C2O)CC3=CC=CC=C3,0
CCCCOC1=CC=C(C=C1)C2=CC=C(N2CC3=NC(=CC=C3)N)C4=CC=CC=C4Cl,0
CC1=CC(=CC=C1)C2=CC3=C(C=C2)OC4=C(C35COC(=N5)N)C=C(C=C4)OC,0
CC(=O)NC(CC1=CC(=CC(=C1)F)F)C(C[NH2+]C2(CC2)C3=CC=CC(=C3)C4CCCCO4)O,0
C[C@@H]1C[C@@]1(C2=CC(=CC=C2)C(C)(C)C(F)F)[NH2+]C[C@H]([C@H](CC3=CC(=CC(=C3)F)F)NC(=O)C)O,0
CC1CC2(CC[NH+]1CC3=CC(=CC=C3)C4=CC=CC=C4Cl)CNS(=O)(=O)N2C5=CC(=CC=C5)F,0
CCN1CC2(CC[NH+](C(C2)C)CC3=CC(=CC=C3)OC(C)C)N(S1(=O)=O)C4=CC(=CC=C4)F,0
CC1CC2(CC[NH+]1CC3=CC(=CC=C3)OC(C)C)CN(S(=O)(=O)N2C4=CC(=CC=C4)F)C5=NC=CO5,0
CC1(CC2(C3=C(O1)C=CC(=C3)C4=CC=CC=C4OC)C(=O)N(C(=N2)N)C)C,0
CC(C)C(=O)NC1=C(C=C(C=C1Cl)C[NH+]=C(N)NC(=O)CN2C=CC3=CC=CC=C32)Cl,0
CCC1=CSC(=C1)C2(CCCCC2)[NH2+]CC(C(CC3=CC(=CC(=C3)F)F)NC(=O)C)O,0
CC(C)NC(=O)C1=CC=C(C=C1)C2=CC=C(N2CC3=NC(=CC=C3)N)C4=CC=CC=C4,0
CC1=CC=C(C=C1)C2=CC3=C(C=C2)OC4=C(C35COC(=N5)N)C=C(C=C4)OC,0
CC1CC1CN(C)C2=NC(=CC(=C2)C(=O)NC(COC3=CC(=CC(=C3)F)F)C(CC(COCC4=CC=C(C=C4)OC)OC)O)N(C)S(=O)(=O)C,0
CC(C)C1=CC=CC(=C1)C[NH2+]C2CS(=O)(=O)CC(C2O)CC3=CC=C(C=C3)O,0
CC(C1=CC=C(C=C1)F)NC(=O)C2=CC(=CC(=C2)C3=NC(=NO3)C(C)(CC4=CC=CC=C4)[NH3+])N(C)S(=O)(=O)C,0
CC(=O)NC(CC1=CC(=CC(=C1)F)F)C(C[NH2+]C2(CCCCC2)C3=NN(C=C3)C(C)(C)C)O,0
CC1(CC2=C(C=CC(=C2)Cl)C(=NC(CC3=CSC=C3C4=CC=NC=C4)C(=O)[O-])N1)C,0
CC(C1=CC=CC=C1)NC(=O)C2=CC(=CC(=C2)N(C)S(=O)(=O)C)C(=O)NC(COC3=CC(=CC(=C3)F)F)C(CC(COCC4CC4)OC)O,0
CC(=O)NC(CC1=CC(=CC(=C1)F)F)C(C[NH2+]C2(CC2)C3=CC(=CC=C3)N4CC5CCC4C5)O,0
CC(C)CNC(=O)C(CC(C1COCC2=CC(=CC=C2)C(NC(=O)C3=CC(=CC(=C3)C(=O)N1)N(C)S(=O)(=O)C)CCCOC)O)C(C)C,0
CC1(CC2=C(C=C(C=C2)C3=C(N=CC=C3)F)C4(C1)COC(=N4)N)C,0
COC1=CC=C(C=C1)C2(COC(=N2)N)C3=CC=CC(=C3)C4=C(C=CC(=C4)Cl)F,0
CCN1C=C(C=N1)[C@@]2(C(=O)N(C(=N2)N)C)C3=CC=CC(=C3)C4=C(N=CC=C4)F,0
CC1(CC2=C(C=C(C=C2)C3=CC(=CN=C3)Cl)C4(C1)CSC(=N4)N)C,0
CCCN(CCC)C(=O)C1=CC(=CC(=C1)C(=O)NC(CC2=CC(=CC(=C2)F)F)C(C[NH2+]CC3=CC(=CC=C3)OC)O)CC(COC)OC,0
CC1(CSCC(=N1)N)C2=CC=CC(=C2)C3=CC(=CC=C3)OC,0
CC1(CCSC(=N1)N)C2=CC=CC(=C2)C3=CC(=CC=C3)OC,0
COC1=CC2=C(C=C1)OC3=C(C24COC(=N4)N)C=C(C=C3)C5=CC=C(C=C5)Cl,0
CC1(COC(=N1)N)C2=CC(=CC=C2)NC(=O)C3=NC=C(C=C3)Cl,0
CC(C1=CC=CC=C1)NC(=O)C2=CC(=CC(=C2)N(C)S(=O)(=O)C)C(=O)NC(COC3=CC(=CC(=C3)F)F)C(CC(COCC=C)OC)O,0
CC(C1=CC=C(C=C1)F)NC(=O)C2=CC(=CC(=C2)C3=NOC(=N3)C(C)(CC4=CC=CC=C4)[NH3+])N(C)S(=O)(=O)C,0
COC1=CC=C(C=C1)C2(COC(=N2)N)C3=CC=CC(=C3)C4=CC(=CC=C4)Cl,0
CCCCNC(=O)NCC1=CC=C(C=C1)CN2C(=O)C(N=C2N)(CC3CCCCC3)CC4CCCCC4,0
CC(=O)NC(CC1=CC(=CC(=C1)F)F)C(C[NH2+]C2(CCCCC2)C3=CC=CC(=C3)CC(C)(C)C)O,0
CC(C)C1=NC(N=C1N)(C2=CC=C(C=C2)OC)C3=CC=CC(=C3)C4=CN=CN=C4,0
COC1=CC2=C(C=C1)OC3=C(C24COC(=N4)N)C=C(C=C3)C5=C(C=NC=C5)Cl,0
CC1CC2(CC[NH+]1CC3=CC(=CC=C3)OC(C)C)CN(S(=O)(=O)N2C4=CC(=CC=C4)F)C5=NC=CS5,0
CN1C(=O)C(N=C1N)(C2=CC=CC=C2)C3=CC=C(C=C3)Cl,0
CCNC(=O)C1=CC=C(C=C1)C2=CC=C(N2CC3=NC(=CC=C3)N)C4=CC=CC=C4,0
CCCOC1=CC=CC(=C1)CC2CS(=O)(=O)CC(C2O)[NH2+]CC3=CC(=CC=C3)C(C)C,0
CC1CC2(CC[NH+]1CC3=CC(=CC=C3)OC(C)C)CN(S(=O)(=O)N2C4=CC(=CC=C4)F)C(C)C,0
C[C@H](C[C@@H]([C@H](CC(C)C)NC(=O)[C@H](CC1=CC=CC=C1)NC(=O)[C@H](CC(C)C)NC(=O)OC(C)(C)C)O)C(=O)NCC(C)C,0
CC1(CC2(C3=C(O1)C=CC(=C3)C4=CC=CC=N4)C(=O)N(C(=N2)N)C)C,0
CC(=O)NC(CC1=CC(=CC(=C1)F)F)C(C[NH2+]C2(CCOC2)C3=CC(=CC=C3)N4C=CC=N4)O,0
CC(=O)NC(CC1=CC(=CC(=C1)F)F)C(C[NH2+]C2(CC2)C3=CC(=CC=C3)N4CC5CC4CO5)O,0
CC(=O)NC(CC1=CC(=CC(=C1)F)F)C(C[NH2+]C2(CCCCC2)C3=CC(=NC=N3)C(C)(C)C)O,0
CC1(CC2=C(C=CC(=C2)Cl)C(=NC(CC3=CSC=C3C4CC4)C(=O)[O-])N1)C,0
COC1=CC=C(C=C1)C2=CC=C(N2CC3=NC(=CC=C3)N)C4=CC=CC=C4Cl,0
CN1C(=O)C(N=C1N)(C2=CC=CC=C2)C3=CC(=CC=C3)Cl,0
C1CNC2=[N+](C1)C(=N[C@]2(C3=CC=C(C=C3)OC(F)(F)F)C4=CC(=CC=C4)Br)N,0
CC1=NC(N=C1N)(CC2=CC=CC=C2)C3=CC=CC(=C3)C4=CN=CN=C4,0
C[C@H](C[C@@H]([C@H](CC(C)C)NC(=O)[C@H](CC1=CC=C(C=C1)[N+](=O)[O-])NC(=O)C2=CC=C(C=C2)[N+](=O)[O-])O)C(=O)NCC(C)C,0
CN1C(=O)C(N=C1N)(C2=CC=CC=C2)C3=CC=NC=C3,0
CCCCNC(=O)C(C)CC(C(CC1=CC=CC=C1)NC(=O)C2CCCC(C2)C3(CCCC3)NC(=O)C)O,0
CC1(CC2=C(C=CC(=C2)Cl)C(=NC(CC3=CC=CC=C3)C4=NC=CC(=O)N4)N1)C,0
CC(C)(C)C1=CC=CC(=C1)C[NH2+]C2CS(=O)(=O)CC(C2O)CC3=CC4=C(C=C3)NC=C4,0
COC1=CC2=C(C=C1)OC3=C(C24COC(=N4)N)C=C(C=C3)C5=CC(=CC=C5)OC(F)(F)F,0
CC(C)C1=CC=CC(=C1)C[NH2+]C2CS(=O)(=O)CC(C2O)CC3=CC(=C(C=C3)OC)Br,0
CC1(CC2=C(C=CC(=C2)Cl)C(=NC(CC3=CC=CC=C3)C(=O)[O-])N1)C,0
CCCC(=O)NC1=CC=CC(=C1)[C@@]2(C(=O)N(C(=N2)N)C)C3CCCCC3,0
CC(C)OC1=CC=CC(=C1)C2=CC3=C(C=C2)OC(CC34C(=O)N(C(=N4)N)C)(C)C,0
CC1(CC2=C(C=CC(=C2)Cl)C(=NC(CC3=CSC=C3)C(=O)[O-])N1)C,0
CC1(CC(=O)N(C(=N1)N)C)C2CC2C3=CC=CC(=C3)/C=C/C4=CC=CC=C4,0
CCCCNC(=O)NCC1=CC=C(C=C1)CN2C(=O)C(N=C2N)(CCC3CCCCC3)CC(C)C,0
CCCNC(=O)C1=CC=C(C=C1)C2=CC=C(N2CC3=NC(=CC=C3)N)C4=CC=CC=C4,0
CCCCNC(=O)C1=CC=C(C=C1)C2=CC=C(N2CC3=NC(=CC=C3)N)C4=CC=CC=C4,0
CCC(=O)C1=CC(=CS1)[C@@]2(C(=O)N(C(=N2)N)C)C3=CC=CC(=C3)C4=C(N=CC=C4)F,0
CC1=NC(N=C1N)(C2CCOCC2)C3=CC=CC(=C3)C4=CC(=CC=C4)OC,0
CC(=O)NC(CC1=CC(=CC(=C1)F)F)C(C[NH2+]C2(CC2)C3=CSC(=N3)CC(C)(C)C)O,0
CN1C(=O)C(N=C1N)(C2=CC=CC=C2)C3=CC=C(C=C3)OC,0
CCCCS(=O)(=O)N1C=C(C2=CC=CC=C21)C(=O)NC(CC3=CC=CC=C3)C(C[NH2+]CC4=CC(=CC=C4)OC)O,0
CC(C)CNC(=O)C(CC(C1COCC2=CC(=CC=C2)C(NC(=O)C3=CC(=CC(=C3)C(=O)N1)N(C)S(=O)(=O)C)C4=CC=C(C=C4)OC)O)C(C)C,0
CC1CC2(CC[NH+]1CC3=CC(=CC=C3)OC(C)C)CN(S(=O)(=O)N2C4=CC(=CC=C4)F)C5=CN=CC=C5,0
CC1(COCC(=N1)N)C2=CC=CC(=C2)C3=CC(=CC=C3)OC,0
COC1CC(N=C1N)(C2=CC=C(C=C2)OC)C3=CC=CC(=C3)C4=CN=CC=C4,0
CC1=CC(=C(C=C1Cl)C2=CC3=C(C=C2)OC4=C(C35COC(=N5)N)C=C(C=C4)OC)F,0
C1COCC2C1(N=C(O2)N)C3=CC(=CC=C3)NC(=O)C4=NC=C(C=C4)Cl,0
CC1(CC(=O)N(C(=N1)N)C)C2CC2C3=CC=CC(=C3)C4=CC(=CC=C4)OC,0
CC1(CC2=C(C=CC(=C2)Cl)C(=NC(CC3=CC=CC=C3)C4=NNC(=O)N4)N1)C,0
COC1=CC=C(C=C1)C2(C3=NCC(CN3C(=N2)N)(F)F)C4=CC(=CC=C4)Br,0
CN1C(=O)C(N=C1N)(C2=CC=CC=C2)C3=CC=CC=C3,0
C1CC(C1)NC(=O)C2=CC=C(C=C2)C3=CC=C(N3CC4=NC(=CC=C4)N)C5=CC=CC=C5,0
CN1C(=O)C(N=C1N)(C2=CC=CC=C2)C3=CC(=CC=C3)OC,0
CC1=C(C=C(C=C1)N(C2=CC=CC=C2)S(=O)(=O)C)C(=O)NC(CC3=CC=CC=C3)C(C[NH2+]CC4=CC(=CC=C4)C(F)(F)F)O,0
CC1=NC(N=C1N)(C)C2=CC=CC(=C2)C3=CC(=CC=C3)OC,0
CC(C)C(C(=O)NCC1=CC=C(C=C1)F)NC(=O)C(C)CC(C(COCC2=CC(=CC(=C2)F)F)NC(=O)C3=CC(=CC(=C3)C(=O)NC(C)C4=CC=CC=C4)N(C)S(=O)(=O)C)O,0
CS(=O)(=O)N(C1=CC=CC=C1)C2=CC=CC(=N2)C(=O)NC(CC3=CC=CC=C3)C(C[NH2+]CC4=CC(=CC=C4)C(F)(F)F)O,0
CC(C)CNC(=O)C(CC(C1COCC2=CC(=CC=C2)C(NC(=O)C3=CC(=CC(=C3)C(=O)N1)N(C)S(=O)(=O)C)C4=CC=CC=C4)O)C(C)C,0
C[C@H](C[C@@H]([C@H](CC(C)C)NC(=O)[C@H](CC1=CC=C(C=C1)[N+](=O)[O-])NC(=O)/C=C/C2=CC=C(C=C2)C(F)(F)F)O)C(=O)NCC(C)C,0
C[C@H](C[C@@H]([C@H](CC(C)C)NC(=O)[C@H](CC1=CC=C(C=C1)[N+](=O)[O-])NC(=O)C2=CC(=C(C=C2)OC)OC)O)C(=O)NCC(C)C,0
CN1C(=O)[C@](N=C1N)(C2=CC=NC=C2)C3=CC=CC(=C3)C4=C(C=CC(=C4)F)F,0
COC1=CC2=C(C=C1)OC3=C(C24COC(=N4)N)C=C(C=C3)C5=CC=NC=C5,0
CCCCNC(=O)C(C)CC(C(CC(C)C)NC(=O)C(CCSC)NC(=O)C(C)NC(=O)C)O,0
CC(=O)NC(CC1=CC(=CC(=C1)F)F)C(C[NH2+]C2(CC2)C3=CC=CC(=C3)C4COCCO4)O,0
CS(=O)(=O)C1=CC=C(C=C1)C2=CC=CC=C2C3C[NH2+]CC3C(=O)N4CCOCC4C5=CC=CC=C5,0
C1CC2=CC=CC=C2C3(C1)C[NH2+]CC3C(=O)N4CCC(CC4)C5=CC=CC=C5,0
CC1CC2(CC[NH+]1CC3=CC(=CC=C3)OC(C)C)CN(S(=O)(=O)N2C4=CC(=CC=C4)F)C5=CC=NC=C5,0
CC1(N=C(C2N1CCCC2)N)C3=CC=CC(=C3)C4=CC(=CN=C4)F,0
C1CC2(CSC(=N2)N)C3=C1C=CC(=C3)NC(=O)C4=NC=C(C=C4)Cl,0
CC1(CC(=O)N(C(=N1)N)C)C2CC2C3=CC=CC(=C3)CCC4=CC=CC=C4,0
CC(C)C1=CC=C(S1)C2(CCCCC2)[NH2+]CC(C(CC3=CC(=CC(=C3)F)F)NC(=O)C)O,0
CC(C)C1=CC=CC(=C1)C[NH2+]CC(C(CC2=CC=CC=C2)NC(=O)C3CCCC(C3)C(C)(C)NC(=O)C)O,0
C1C(C(C(CS1(=O)=O)[NH2+]CC2=CC(=CC(=C2)Cl)Cl)O)CC3=CC(=C(C=C3)O)Br,0
CN1C(=O)C=C(N=C1N)CCC2=CC(=CC=C2)C3=CC(=CC=C3)OC,0
C[C@H](C[C@@H]([C@H](CC(C)C)NC(=O)[C@H](CC1=CC=C(C=C1)[N+](=O)[O-])NC(=O)C2=C(C=C(C=C2)Cl)Cl)O)C(=O)NCC(C)C,0
CC(C)C1=CC(=NC=C1)C[NH2+]C2CS(=O)(=O)CC(C2O)CC3=CC(=C(C=C3)O)Br,0
CC(=O)NC(CC1=CC(=CC(=C1)F)F)C(C[NH2+]C2(CCCCC2)C3=CC(=CS3)C#C)O,0
CC(=O)NC(CC1=CC(=CC(=C1)F)F)C(C[NH2+]C2(CCCCC2)C3=CC(=NO3)C(C)(C)C)O,0
CS(=O)(=O)N(C1=CC=CC=C1)C2=CC(=NC=C2)C(=O)NC(CC3=CC=CC=C3)C(C[NH2+]CC4=CC(=CC=C4)C(F)(F)F)O,0
C[C@H](C[C@@H]([C@H](CC(C)C)NC(=O)[C@H](CC1=CC=CC=C1)NC(=O)C2=CC=CC3=CC=CC=C32)O)C(=O)NCC(C)C,0
CC(=O)NC(CC1=CC(=CC(=C1)F)F)C(C[NH2+]C2(CC[NH2+]CC2)C3=CC(=CC=C3)C(C)(C)C)O,0
COC1=CC2=C(C=C1)OC3=C(C24COC(=N4)N)C=C(C=C3)C5=CC=CC=C5Cl,0
CC(=O)NC(CC1=CC(=CC(=C1)F)F)C(C[NH2+]C2(CC2)C3=NC=C(O3)C(C)(C)C)O,0
CC1=CC2=CC(=C1)C(=O)NC(COC/C=C/C[C@H](NC2=O)C3=CC=CC=C3)C(C[NH2+]CC4=CC(=CC=C4)C(C)C)O,0
CCCCNC(=O)NCC1=CC=C(C=C1)CN2C(=O)C(N=C2N)(C)CC3CCCCC3,0
COC1=CC2=C(C=C1)OC3=C(C24COC(=N4)N)C=C(C=C3)C5=CC=C(C=C5)OC(F)(F)F,0
C1=CC=C(C=C1)C2=CC=C(N2CC3=NC(=CC=C3)N)C4=CC=CC=C4,0
CC1=CC=CC=C1C2=CC3=CC(=C(N=C3C=C2)N)CCC(=O)N(C)C4CCCCC4,0
CC(=O)NC(CC1=CC=CC=C1)C(C[NH2+]C2CC3(CCC3)OC4=C2C=CC=N4)O,0
C1CNC2=[N+](C1)C(=N[C@]2(C3=CC=CC=C3)C4=CC=CC(=C4)CC5=CC=CC=C5)N,0
CC(C(=O)NC1CCCCC1)[NH2+]CC(C(CC2=CC=CC=C2)NC(=O)C3=CC(=CC=C3)N4CCCC4=O)O,0
CN(C1=CC2=CC(=C1)C(=O)NC(COCCCCCNC2=O)C(C[NH2+]CC3=CC=CC=C3)O)S(=O)(=O)C,0
CC1=CC2=C(C=C1)C(=NC(CC3=CC=CC=C3)C(=O)[O-])NC(C2)(C)C,0
CC(C(=O)NC1CCCCC1)[NH2+]CC(C(CC2=CC=CC=C2)NC(=O)C3=CC(=CC=C3)NS(=O)(=O)CC4=CC=CC=C4)O,0
COC1=CC=C(C=C1)C(CC2=C(C=CC(=C2)[N+](=O)[O-])OC)C3=CN=C(N3)N,0
CC(C1=CC=C(C=C1)F)NC(=O)C2=CC(=CC(=C2)CNC(=O)C(C)(CC3=CC=CC=C3)[NH3+])N(C)S(=O)(=O)C,0
CC1(CC2=C(C=C(C=C2)C3=CC(=CN=C3)F)C4(C1)COC(=N4)N)C,0
CC1CC2(CC[NH+]1CC3=CC4=C(C=C3)NC=C4)CN(S(=O)(=O)N2C5=CC(=CC=C5)F)C,0
CC1(CC(=O)N(C(=N1)N)C)C2CC2C3=CC=CC(=C3)C4=CC=CS4,0
CC(=O)NC(CC1=CC(=CC(=C1)F)F)C(C[NH2+]C2(CCCCC2)C3=CC=CC(=C3)C#N)O,0
CC1=CC(=CC=C1)CC2=C(C=CC(=C2)CC3CS(=O)(=O)CC(C3O)[NH2+]CC4=CC(=CC=C4)C(C)C)O,0
CC1(CC2(C3=C(O1)C=CC(=C3)C4=CC=NC=C4)C(=O)N(C(=N2)N)C)C,0
CC(C(=O)NC1CCCCC1)[NH2+]CC(C(CC2=CC=CC=C2)NC(=O)C3=CC(=CC=C3)NC4=CC=CC=C4)O,0
CC1(N=C(CCO1)N)C2=CC=CC(=C2)C3=CC(=CC=C3)Cl,0
CC1CC2(CC[NH+]1CC3=CC=C(C=C3)NC(=O)C)CN(S(=O)(=O)N2C4=CC(=CC=C4)F)C,0
CC(C1=CC=CC=C1)NC(=O)C2=CC(=CC(=C2)N(C)S(=O)(=O)C)C(=O)NC(COC3=CC(=CC(=C3)F)F)C(CC(COC4=CC=CC=C4)OC)O,0
CCCCN(C)C(=O)N1C=C(C2=C1N=CC=C2)C(=O)NC(CC3=CC=CC=C3)C(C[NH2+]CC4=CC=CC=C4OC)O,0
CN1C(=O)C=C(N=C1N)CCC2=CC(=CC=C2)C3=CC=CC=C3,0
CC(=O)NC(CC1=CC(=CC(=C1)F)F)C(C[NH2+]C2(CCCCC2)C3=CC(=C(C=C3)Br)C(C)(C)C)O,0
C[C@H](C[C@@H]([C@H](CC(C)C)NC(=O)[C@H](CC1=CC=CC=C1)NC(=O)C2=CC=CC=C2)O)C(=O)NCC(C)C,0
CC1=CC=CC=C1C2=CC3=C(C=C2)OC4=C(C35COC(=N5)N)C=C(C=C4)OC,0
CC1=CN=C(C=N1)C(=O)NC2=CC=CC(=C2)C3(C(=O)N(CC(=N3)N)C)C,0
COC1=CC=C(C=C1)CC2=CC(=CC=C2)[C@@]3(C4=[N+](CCCN4)C(=N3)N)C5=CC=CC=C5,0
CC1(CC2(C3=C(O1)C=CC(=C3)C4=CC=C(C=C4)OC)C(=O)N(C(=N2)N)C)C,0
CC1(CC2=C(C=CC(=C2)Cl)C(=NC(CC3=CC=CC=C3)C4=NC5=CC=CC=C5C(=O)N4)N1)C,0
COC1=CC=C(C=C1)C2(COC(=N2)N)C3=CC=CC(=C3)C4=CN=CC=C4,0
CC1(CC(=O)N(C(=N1)N)C)C2CC2C3=CC=CC(=C3)C4=CC=CC=C4OC,0
CC1(CC(=O)N(C(=N1)N)C)C2CC2C3=CC=CC(=C3)C4=CSC=C4,0
CC(=O)NC(CC1=CC(=CC(=C1)F)F)C(C[NH2+]C2(CCCCC2)C3=CC(=CC=C3)N4N=CC=N4)O,0
CN1C(=O)C(N=C1N)(C2CCCCC2)C3=CC(=CC=C3)NC(=O)CCOC,0
CC(C(=O)NC1CCCCC1)[NH2+]CC(C(CC2=CC=CC=C2)NC(=O)C3=CC(=CC=C3)NS(=O)(=O)C4=CC=CC=C4)O,0
CC1(N=C(CS1)N)C2=CC=CC(=C2)C3=CC(=CC=C3)OC,0
COC1=CC=C(C=C1)C2(CCC(=N2)N)C3=CC=CC(=C3)C4=CN=CN=C4,0
C[C@H](C[C@@H]([C@H](CC(C)C)NC(=O)[C@H](CC1=CC=CC=C1)NC(=O)C2=CC3=C(C=C2)OCO3)O)C(=O)NCC(C)C,0
CCC[C@H]1C(=C(N(C(=C1C(=O)NOCC2=CC=CC=C2)C)S(=O)(=O)C)C)C(=O)N[C@@H](CC3=CC=CC=C3)[C@@H](C[NH2+]C4CC4)O,0
C1CNC2=[N+](C1)C(=NC2(C3=CC=CC=C3)C4=CC=CC(=C4)CC5=CC=C(C=C5)F)N,0
COC1=CC=C(C=C1)C2(COC(=N2)N)C3=CC=CC(=C3)C4=C(C=CN=C4)F,0
CCCOC1=CC=CC(=C1)C2=CC(=CC=C2)C3CC3C4(CC(=O)N(C(=N4)N)C)C,0
CC1(CC2(C3=C(O1)C=CC(=C3)N4CCCCC4)C(=O)N(C(=N2)N)C)C,0
C1=CC=C2C(=C1)C=CN2CC(=O)NC(=[NH+]CC3=CC(=CC(=C3)Cl)Cl)N,0
CC1(CSC(=N1)N)C2=CC(=CC=C2)NC(=O)C3=CC=CC=N3,0
C[C@@H]1C(=C(N(C(=C1C(=O)NOCC2=CC=CC=C2)C)CC(=O)OC(C)C)C)C(=O)N[C@@H](CC3=CC=CC=C3)[C@@H](C[NH2+]C4CC4)O,0
CCSC1=CC=CC(=C1)C2=CC=C(C=C2)C3CC3C4=CC(=O)N(C(=N4)N)C,0
CC1(CC(=O)N(C(=N1)N)C)C2CC2C3=CC=CC(=C3)C4=CC=CC=C4,0
CC(=O)NC(CC1=CC(=CC(=C1)F)F)C(C[NH2+]C2(CC2)C3=NC(=CS3)CC(C)(C)C)O,0
CC[C@@H]1C(=C(N(C(=C1C(=O)NOCC2=CC=CC=C2)C)S(=O)(=O)C)C)C(=O)N[C@@H](CC3=CC=CC=C3)[C@@H](C[NH2+]C4CC4)O,0
CCOC1=CC=CC(=C1)C[NH+]2CCC3(CC2C)CNS(=O)(=O)N3C4=CC(=CC=C4)F,0
CC1(CC2=C(C=CC(=C2)Cl)C(=NC(CC3=C(SC=C3)Br)C(=O)[O-])N1)C,0
CC(=O)NC(CC1=CC(=CC(=C1)F)F)C(C[NH2+]C2(CCC[NH2+]C2)C3=CC(=CC=C3)C(C)(C)C)O,0
CC(=O)NC(CC1=CC(=CC(=C1)F)F)C(C[NH2+]C2(CCC(CC2)CCO)C3=CC(=CC=C3)C(C)(C)C)O,0
CC(C)(C)C1=CC=CC(=C1)C(C(F)(F)F)[NH2+]CC(C2CC3=CC(=CC=C3)OCCCCNC4=CC(=CC(=C4)C(=O)N2)COC)O,0
CC(C1=CC=CC=C1)NC(=O)C2=CC(=CC(=C2)N(C)S(=O)(=O)C)C(=O)NC(COC3=CC(=CC(=C3)F)F)C(CC(CO)OC)O,0
CC(C1=CC=CC=C1)NC(=O)C2=CC(=CC(=C2)N(C)S(=O)(=O)C)C(=O)NC(COC3=CC(=CC(=C3)F)F)C(CC(COC)OC)O,0
CC(C1=CC=CC=C1)NC(=O)C2=CC(=CC(=C2)N(C)S(=O)(=O)C)C(=O)NC(COC3=CC(=CC(=C3)F)F)C(CC(COCC4=CC=C(C=C4)F)OC)O,0
CC(C1=CC=CC=C1)NC(=O)C2=CC(=CC(=C2)N(C)S(=O)(=O)C)C(=O)NC(COC3=CC(=CC(=C3)F)F)C(CC(COCC4=CC(=CC=C4)OC)OC)O,0
CC(C1=CC=CC=C1)NC(=O)C2=CC(=CC(=C2)N(C)S(=O)(=O)C)C(=O)NC(COC3=CC(=CC(=C3)F)F)C(CC(C[NH2+]CC4=CC=CC=C4)OC)O,0
CC(CC(C(COCC1=CC(=CC(=C1)F)F)NC(=O)C2=CC(=CC(=C2)C(=O)NC(C)C3=CC=CC=C3)N(C)S(=O)(=O)C)O)C(=O)NC4CC4,0
CC(=O)NC(CC1=CC(=CC(=C1)F)F)C(C[NH2+]C2(CCCCC2)C3=CC=CC(=C3)C4CCCCC4)O,0
CC(=O)NC(CC1=CC(=CC(=C1)F)F)C(C[NH2+]C2(CCCCC2)C3=CC=CC=C3)O,0
CC(C)C(CC(C1COCC2=CC(=CC=C2)C(NC(=O)C3=CC(=CC(=C3)C(=O)N1)N(C)S(=O)(=O)C)C4=CC=CC=C4)O)C(=O)NC,0
CC(C)CNC(=O)C(CC(C1COCC2=CC(=CC=C2)C(NC(=O)C3=CC(=CC(=C3)C(=O)N1)N(C)S(=O)(=O)C)OCCOC)O)C(C)C,0
CC(C)CNC(=O)C(CC(C1COCC2=CC(=CC=C2)C(CCCC3=CC(=CC(=C3)N(C)S(=O)(=O)C)C(=O)N1)OCCOC)O)C(C)C,0
C1C(C(C(CS1(=O)=O)[NH3+])O)CC2=CC(=C(C(=C2)F)N)OC(C(F)(F)F)C(F)(F)F,0
CC(C)(C)OC1CC1C[NH2+]C2CS(=O)(=O)CC(C2O)CC3=CC(=C(C(=C3)F)N)OC(C(F)(F)F)C(F)(F)F,0
CC1=CC2=CC(=C1)C(=O)NC(COC/C=C/CCNC2=O)C(C[NH2+]CC3=CC=CC=C3)O,0
CC1(N=C(CCO1)N)C2=CC=CC(=C2)C3=CC(=CC=C3)OC,0
CC(C)(C)OCCC[NH2+]C1CS(=O)CC(C1O)CC2=CC(=C(C(=C2)F)N)OC(COC)C(F)(F)F,0
CC(C1=CC=C(C=C1)F)NC(=O)C2=CC(=CC(=C2)C[NH2+]CC(CC3=CC=CC=C3)(CO)[NH3+])N(C)S(=O)(=O)C,0
CC(C1=CC=C(C=C1)F)NC(=O)C2=CC(=CC(=C2)COCC(CC3=CC=CC=C3)[NH3+])N(C)S(=O)(=O)C,0
CCOC1=CC=CC(=C1)C2=CC=C(C=C2)C3CC3C4=CC(=O)N(C(=N4)N)C,0
COC1=CC2=C(C=C1)OC3=C([C@]24COC(=N4)N)C=C(C=C3)C5=CN=CN=C5,0
C1CC2(COC(=N2)N)C3=C1C=CC(=C3)NC(=O)C4=NC=C(C=C4)Cl,0
CC(C1=CC=C(C=C1)F)NC(=O)C2=CC(=CC(=C2)C(=O)NCC(CC3=CC=CC=C3)(CO)[NH3+])N(C)S(=O)(=O)C,0
CC1=C([C@H](C(=C(N1S(=O)(=O)C)C)C(=O)NOCC2=CC=CC=C2)C(C)C)C(=O)N[C@@H](CC3=CC=CC=C3)[C@@H](C[NH2+]C4CC4)O,0
CC1CC2(CC[NH+]1CC3=CC(=CC=C3)OC4CCCC4)CNS(=O)(=O)N2C5=CC(=CC=C5)F,0
CCCC1=CC(=CC=C1)C2=CC=C(C=C2)C3CC3C4=CC(=O)N(C(=N4)N)C,0
CC1CC2(CC[NH+]1CC3=CC(=CC=C3)OCC(C)C)CNS(=O)(=O)N2C4=CC(=CC=C4)F,0
COC1=CC=C(C=C1)C2(COC(=N2)N)C3=CC=CC(=C3)C4=CN=CN=C4,0
CC1(CC(=O)N(C(=N1)N)C)C2CC2C3=CC=CC(=C3)C4=CN=CC=C4,0
CN1C(=O)C=C(N=C1N)C2CC2C3=CC=C(C=C3)C4=CN=CC(=N4)OC,0
CC(C(=O)NC1CCCCC1)[NH2+]CC(C(CC2=CC=CC=C2)NC(=O)C3=CC(=CC=C3)OS(=O)(=O)CC4=CC=CC=C4)O,0
CC1=NC(N=C1N)(C)C2=CC=CC(=C2)C3=CN=CC=C3,0
C1COCC2C1(N=C(O2)N)C3=CC=CC(=C3)C4=CC(=CC(=C4)Cl)F,0
CCCOC1=CC=CC(=C1)C2=CC=C(C=C2)C3CC3C4=CC(=O)N(C(=N4)N)C,0
CN1C(=O)C=C(N=C1N)C2CC2C3=CC=C(C=C3)C4=CC=CS4,0
CN1C(=O)C=C(N=C1N)C2CC2C3=CC=C(C=C3)C4=CC(=CC=C4)OC,0
C[C@@H]1C(=C(N(C(=C1C(=O)NOCC2=CC=CC=C2)C)S(=O)(=O)C)C)C(=O)N[C@@H](CC3=CC=CC=C3)[C@@H](C[NH2+]C4CC4)O,0
CN1C(=O)C=C(N=C1N)C2CC2C3=CC=C(C=C3)C4=CC(=CC=C4)SC,0
C[C@H]1C(=C(N(C(=C1C(=O)NOCC2=CC=CC=C2)C)CC(=O)OC)C)C(=O)N[C@@H](CC3=CC=CC=C3)[C@@H](C[NH2+]C4CC4)O,0
CCOC(=O)CN1C(=C([C@H](C(=C1C)C(=O)NOCC2=CC=CC=C2)C)C(=O)N[C@@H](CC3=CC=CC=C3)[C@@H](C[NH2+]C4CC4)O)C,0
C[C@H](C[C@@H]([C@H](CC(C)C)NC(=O)[C@H](CC1=CC=CC=C1)NC(=O)C2=CC=C(C=C2)[N+](=O)[O-])O)C(=O)NCC(C)C,0
CC1(N=C([C@@H]2N1CCCC2)N)C3=CC=CC(=C3)C4=CC(=CN=C4)F,0
C[C@@H]1C(=C(N(C(=C1C(=O)N[C@@H](CC2=CC=CC=C2)[C@@H](C[NH2+]C3CC3)O)C)S(=O)(=O)C)C)C(=O)N[C@H](C)C4=CC=CC=C4,0
C[C@H]1C(=CN(C(=C1C(=O)OCC2=CC=CC=C2)C)CC(=O)OC(C)C)C(=O)N[C@@H](CC3=CC=CC=C3)[C@@H](C[NH2+]C4CC4)O,0
CC[C@@H]1C(=C(N(C(=C1C(=O)N[C@@H](CC2=CC=CC=C2)[C@@H](C[NH2+]C3CC3)O)C)S(=O)(=O)C)C)C(=O)N[C@H](C)C4=CC=CC=C4,0
CC(C1=CC=C(C=C1)F)NC(=O)C2=CC(=CC(=C2)N(C)S(=O)(=O)C)N3C=C(N=N3)C(C)(CC4=CC=CC=C4)[NH3+],0
CC(=O)NC1=CC=CC(=C1)C2=CC(=CC=C2)C3CC3C4(CC(=O)N(C(=N4)N)C)C,0
CC(C)C1=NC(N=C1N)(C2=CC=CC=C2)C3=CC=CC(=C3)C4=CN=CN=C4,0
CC1(CC(=O)N(C(=N1)N)C)C2CC2C3=CC=CC=C3,0
CC(C1=CC=C(C=C1)F)NC(=O)C2=CC(=CC(=C2)CNC(=O)C(CC3=CC=CC=C3)(CO)[NH3+])N(C)S(=O)(=O)C,0
C1CN(CCC1C2=CC=CC=C2)C(=O)C3C[NH2+]CC3C4=CC=CC=C4Br,0
C1CN(CCC1C2=CC=CC=C2)C(=O)C3C[NH2+]CC3C4=CC=CC=C4,0
C[C@H](C[C@@H]([C@H](CC(C)C)NC(=O)[C@H](CC1=CC=CC=C1)NC(=O)/C=C/C2=CC=C(C=C2)C(F)(F)F)O)C(=O)NCC(C)C,0
CN1C(=O)C=C(N=C1N)CCC2=CC(=CC=C2)Br,0
CC(=O)N1CC(=NC1(C)C2=CC=CC(=C2)C3=CC(=CC=C3)OC)N,0
COC1=CC=CC(=C1)[C@@]2(C3=[N+](CCCN3)C(=N2)N)C4=CC=CC=C4,0
CN1C(=O)C=C(N=C1N)C2CC2C3=CC=C(C=C3)C4=CC=CC(=C4)CC#N,0
CC1(CC(=O)N(C(=N1)N)C)C2CC2C3=CC=CC(=C3)C4=CC=CC(=C4)CO,0
CC1CC2(CC[NH+]1CC3=CC=CC=C3)CNS(=O)(=O)N2C4=CC(=CC=C4)F,0
CC1=C([C@@H](C(=C(N1S(=O)(=O)C)C)C(=O)NOCC2=CC=CC=C2)C3=CC=CC=C3)C(=O)N[C@@H](CC4=CC=CC=C4)[C@@H](C[NH2+]C5CC5)O,0
C1CNC2=[N+](C1)C(=NC2(C3=CC=CC=C3)C4=CC(=CC=C4)C(F)(F)F)N,0
CCC(CC1=CC=CC=C1)(COCC2=CC(=CC(=C2)N(C)S(=O)(=O)C)C(=O)NC(C)C3=CC=C(C=C3)F)[NH3+],0
CC(C1=CC=C(C=C1)F)NC(=O)C2=CC(=CC(=C2)N(C)S(=O)(=O)C)C(=O)OCC(CC3=CC=CC=C3)(C[NH3+])O,0
CC(C1=CC=C(C=C1)F)NC(=O)C2=CC(=CC(=C2)CCCC(CC3=CC=CC=C3)(CO)[NH3+])N(C)S(=O)(=O)C,0
CCCOC1=CC=CC(=C1)C[NH+]2CCC3(CC2C)CNS(=O)(=O)N3C4=CC(=CC=C4)F,0
CCC[C@@H]1C(=C(N(C(=C1C(=O)N[C@@H](CC2=CC=CC=C2)[C@@H](C[NH2+]CC3=CC(=CC=C3)OC)O)C)CC(=O)OC(C)C)C)C(=O)C,0
CCC1=CC(=CC=C1)C2=CC=C(C=C2)C3CC3C4=CC(=O)N(C(=N4)N)C,0
CC1(CC(=O)N(C(=N1)N)C)C2CC2C3=CC=CC(=C3)C4=CC=C(C=C4)OC,0
CN1C(=O)C=C(N=C1N)C2CC2C3=CC=C(C=C3)C4=CC=CC(=C4)COC,0
CN1C(=O)C=C(N=C1N)C2CC2C3=CC=C(C=C3)C4=CC=CC(=C4)CCO,0
CCC[C@H]1C(=CN(C=C1C(=O)OC(C)(C)C)CC(=O)OC(C)C)C(=O)N[C@@H](CC2=CC=CC=C2)[C@@H](C[NH2+]C3CC3)O,0
CC(C1=CC=C(C=C1)F)NC(=O)C2=CC(=CC(=C2)C(=O)NCC(CC3=CC=CC=C3)(CO)O)N(C)S(=O)(=O)C,0
COC1=CC=C(C=C1)C2(CCCC2)C3=CSC(=N3)N,0
CN1C(=O)C=C(N=C1N)C2CC2C3=CC=C(C=C3)C4=CC=CC=C4,0
C[C@H]1C(=CN(C(=C1C(=O)C)C)CC(=O)OC(C)C)C(=O)N[C@@H](CC2=CC=CC=C2)[C@@H](C[NH2+]CC3=CC(=CC=C3)OC)O,0
C[C@@H]1C(=C(N(C(=C1C(=O)N[C@@H](CC2=CC=CC=C2)[C@@H](CNC3=CC(=CC=C3)F)O)C)CC(=O)OC(C)C)C)C(=O)C,0
CCC[C@@H]1C(=C(N(C(=C1C(=O)N[C@@H](CC2=CC=CC=C2)[C@@H](CNC3=CC(=CC=C3)OC)O)C)CC(=O)OC(C)C)C)C(=O)C,0
C1CCC2(C(C1)OC(=N2)N)C3=CC=CC(=C3)C4=CC(=CC(=C4)Cl)F,0
C[C@H]1C(=C(N(C(=C1C(=O)OCC2=CC=CC=C2)C)CCCOC(=O)C)C)C(=O)N[C@@H](CC3=CC=CC=C3)[C@@H](C[NH2+]C4CC4)O,0
CCC[C@@H]1C(=C(N(C(=C1C(=O)N[C@@H](CC2=CC=CC=C2)[C@@H](CNC3=CC(=CC=C3)F)O)C)CC(=O)OC(C)C)C)C(=O)C,0
CC1(CC2=CC=CC=C2C(=NC(CC3=CC=CC=C3)C(=O)[O-])N1)C,0
C1COCC2C1(N=C(O2)N)C3=CC(=CC=C3)NC(=O)C4=NC=C(C=C4)F,0
C[C@H]1C(=C(N(C(=C1C(=O)OCC2=CC=CC=C2)C)CC(=O)N(C)C(C)C)C)C(=O)N[C@@H](CC3=CC=CC=C3)[C@@H](C[NH2+]C4CC4)O,0
C[C@H]1C(=C(N(C(=C1C(=O)OCC2=CC=CC=C2)C)CC(=O)N3CCOCC3)C)C(=O)N[C@@H](CC4=CC=CC=C4)[C@@H](C[NH2+]C5CC5)O,0
C[C@@H]1C(=C(N(C(=C1C(=O)N[C@@H](CC2=CC=CC=C2)[C@@H](C[NH2+]C3CC3)O)C)CC(=O)OC(C)C)C)C(=O)C,0
C[C@H]1C(=CN(C(=C1C(=O)C)C)CC(=O)OC(C)C)C(=O)N[C@@H](CC2=CC=CC=C2)[C@@H](CNC3=CC(=CC=C3)F)O,0
C1C([NH2+]CC12C3=CC=CC=C3NC2=O)C(=O)OCC4=CC=C(C=C4)Br,0
CCC[C@@H]1C(=CN(C=C1C(=O)N[C@@H](CC2=CC=CC=C2)[C@@H](C[NH2+]C3CC3)O)CC(=O)OC(C)C)C(=O)N[C@H](C)C4=CC=CC=C4,0
CC(C1=CC=C(C=C1)F)NC(=O)C2=CC(=CC(=C2)C3=NN=C(S3)C(C)(CC4=CC=CC=C4)[NH3+])N(C)S(=O)(=O)C,0
CC(=O)NC(CC1=CC(=CC(=C1)F)F)C(C[NH2+]C2(CCCCC2)C3=CC=CS3)O,0
C[C@@]1(C(=O)N(CC(=N1)N)C)C2=CC(=CC=C2)NC(=O)C3=NC=C(C=C3)Cl,0
C[C@@]1(CN(C(=O)C(=N1)N)C)C2=CC(=CC=C2)NC(=O)C3=NC=C(C=C3)Cl,0
C[C@@]1(CN(C(=O)C(=N1)N)C)C2=C(C=CC(=C2)NC(=O)C3=NC=C(C=C3)Cl)F,0
CC(C)(C)C1=CC=CC(=C1)[C@@]2(C3=[N+](CCCN3)C(=N2)N)C4=CC=CC=C4,0
CCC[C@H]1C(=CN(C=C1C(=O)OC(C)(C)C)CC(=O)OC(C)C)C(=O)N[C@@H](CC2=CC=CC=C2)[C@@H](CNC3=CC(=CC=C3)OC)O,0
CCC[C@@H]1C(=CN(C=C1C(=O)N[C@@H](CC2=CC=CC=C2)[C@@H](CNC3=CC(=CC=C3)OC)O)CC(=O)OC(C)C)C(=O)N[C@H](C)C4=CC=CC=C4,0
C[C@H]1C(=CN(C=C1C(=O)OC(C)(C)C)CC(=O)OC(C)C)C(=O)N[C@@H](CC2=CC=CC=C2)[C@@H](C[NH2+]C3CC3)O,0
COC1=CC=C(C=C1)C(CC2=CC=CC=C2)C3=CSC(=N3)N,0
C[C@@H]1C(=CN(C=C1C(=O)N[C@@H](CC2=CC=CC=C2)[C@@H](C[NH2+]C3CC3)O)CC(=O)OC(C)C)C(=O)N[C@H](C)C4=CC=CC=C4,0
CCC[C@@H]1C(=C(N(C(=C1C(=O)N[C@@H](CC2=CC=CC=C2)[C@@H](C[NH2+]C3CC3)O)C)CC(=O)OC(C)C)C)C(=O)C,0
C1CCC2(C(C1)OC(=N2)N)C3=CC=CC(=C3)C4=CC=CC(=C4)C#N,0
CN1C(=O)C=C(N=C1N)C2CC2C3=CC=C(C=C3)C4=CC(=CC=C4)OCC5CC5,0
CCN1C=CC2=C1C=C(C=C2N3CCCC3=O)C(=O)NC(CC4=CC=CC=C4)C(C[NH2+]C(C)(C)C5=CC(=CC=C5)OC)O,0
C1CCC2(C(C1)OC(=N2)N)C3=CC=CC(=C3)C4=CN=CN=C4,0
COC1=CC=CC(=C1)C2=CC(=CC=C2)C34CCOCC3OC(=N4)N,0
C1CCC(C1)(C2=CC=C(C=C2)Cl)C3=CSC(=N3)N,0
CCCCN1C=C(C2=CC=CC=C21)C(=O)NC(CC3=CC=CC=C3)C(C[NH2+]CC4=CC(=CC=C4)OC)O,0
COC1=CC=CC(=C1)C2=CC(=CC=C2)C34CCCCC3OC(=N4)N,0
CC1=NC(=CO1)C(=O)NC2=CC=CC(=C2)C34CCOCC3OC(=N4)N,0
C[C@@H]1C(=C(N(C(=C1C(=O)OCC2=CC=CC=C2)C)CC(=O)N(C)C)C)C(=O)N[C@@H](CC3=CC=CC=C3)[C@@H](C[NH2+]C4CC4)O,0
CC1=CC=CC=C1C2=CC=C(C=C2)C3CC3C4=CC(=O)N(C(=N4)N)C,0
CC(C(=O)NC1CCCCC1)[NH2+]CC(C(CC2=CC=CC=C2)NC(=O)C3=CC(=CC=C3)S(=O)(=O)N(C)CC4=CC=CC=C4)O,0
C1CSC(=NC2(C1C2)C3=CC(=CC=C3)NC(=O)C4=NC=C(C=C4)Cl)N,0
CC(=O)NC(CC1=CC(=CC(=C1)F)F)C(C[NH2+]C2(CC2)C3=NC(=CO3)C(C)(C)C)O,0
CC(C(=O)NC1CCCCC1)[NH2+]CC(C(CC2=CC=CC=C2)NC(=O)C3=CC=CC(=C3)CS(=O)(=O)C4=CC=CC=C4)O,0
CC1=C(C=CC(=C1)[C@@]2(C(=O)N(C(=N2)N)C)C34CC5CC(C3)CC(C5)C4)OC,0
C1COCC2C1(N=C(O2)N)C3=CC=CC(=C3)C4=CC(=CN=C4)Cl,0
C1COCC2C1(N=C(O2)N)C3=CC=CC(=C3)C4=CC=CC(=C4)C#N,0
CN1C(=O)C=C(N=C1N)C2CC2C3=CC=C(C=C3)C4=CSC=C4,0
C1CCC2(C(C1)OC(=N2)N)C3=CC=CC(=C3)C4=C(N=CC=C4)F,0
C1COCC(N1C(=O)C2C[NH2+]CC2C3=CC=CC=C3Br)C4=CC=CC=C4,0
CCCCNC(=O)NCC1=CC=C(C=C1)CN2C(=O)C(N=C2N)(CCC3=CC=CC=C3)CC(C)C,0
CC(C(=O)NC1CCCCC1)[NH2+]CC(C(CC2=CC=CC=C2)NC(=O)C3=CC(=CC=C3)S(=O)(=O)CC4=CC=CC=C4)O,0
CC1=CSC(=C1)C2=CC=C(C=C2)C3CC3C4=CC(=O)N(C(=N4)N)C,0
CN1C(=O)C=C(N=C1N)C2CC2C3=CC=C(C=C3)C4=NC(=CC=C4)OC,0
CC(C)CC(CC(=O)NCC1=CC(=CC=C1)F)N2C3=C(C=C(C=C3)Cl)N=C2N,0
CC(C)OC1=CC=CC(=C1)C2=CC=C(C=C2)C3CC3C4=CC(=O)N(C(=N4)N)C,0
C1CCN(C(C1)C2=CC=CC=C2)C(=O)C3C[NH2+]CC3C4=CC=CC=C4Br,0
CN(CC1CCCCC1)C(=O)CCCN2C3=C(C=C(C=C3)Cl)N=C2N,0
CN1C(=O)C=C(N=C1N)C2CC2C3=CC=C(C=C3)C4=CC=CO4,0
CN1C(=O)C=C(N=C1N)C2CC2C3=CC=C(C=C3)C4=CC(=CC=C4)C(=O)N,0
C1C(C(C(CS1(=O)=O)[NH2+]CC2=CC=CC=C2)O)CC3=CC(=C(C=C3)O)Br,0
CC(=O)NC1=CC=CC(=C1)C2=CC=C(C=C2)C3CC3C4=CC(=O)N(C(=N4)N)C,0
CC(C1=CC=C(C=C1)F)NC(=O)C2=CC(=CC(=C2)OCCC(CC3=CC=CC=C3)(CO)[NH3+])N(C)S(=O)(=O)C,0
CCC(CC(=O)NCC1=CC=CC=C1)N2C3=C(C=C(C=C3)Cl)N=C2N,0
CC1(CC2=C(C=CC(=C2)Cl)C(=NC(CC3=CC=CC=C3)C4=NC=C5C=COC5=N4)N1)C,0
CCC(CC(=O)NC(COC(C)(C)C)C(=O)OC)N1C2=C(C=C(C=C2)Cl)N=C1N,0
C1CCC(CC1)CNC(=O)CCCN2C3=C(C=C(C=C3)Cl)N=C2N,0
CC(=O)N1CCC(CC1)OC(=O)C2CC3(C[NH2+]2)C4=CC=CC=C4NC3=O,0
CCC(CC(=O)NC(COC(C)(C)C)C(=O)[O-])N1C2=C(C=C(C=C2)Cl)N=C1N,0
CCC(CC(=O)NCCC(C)(C)C)N1C2=C(C=C(C=C2)Cl)N=C1N,0
CC1CC2(CC[NH+]1CC3=CC(=CC=C3)OC)CNS(=O)(=O)N2C4=CC(=CC=C4)F,0
CC(C1=CC=C(C=C1)F)NC(=O)C2=CC(=CC(=C2)N(C)S(=O)(=O)C)C(=O)OCC(CC3=CC=CC=C3)(CO)[NH2+]C,0
CC(C1=CC=C(C=C1)F)NC(=O)C2=CC(=CC(=C2)N(C)S(=O)(=O)C)NCCC(CC3=CC=CC=C3)(CO)[NH3+],0
CC(C1=CC=C(C=C1)F)NC(=O)C2=CC(=CC(=C2)SCCC(CC3=CC=CC=C3)(CO)[NH3+])N(C)S(=O)(=O)C,0
CC(C1=CC=C(C=C1)F)NC(=O)C2=CC(=CC(=C2)S(=O)(=O)CCC(CC3=CC=CC=C3)(CO)[NH3+])N(C)S(=O)(=O)C,0
CC(C1=CC=C(C=C1)F)NC(=O)C2=CC(=CC(=C2)COCC(CC3=CC=CC=C3)(COC)[NH3+])N(C)S(=O)(=O)C,0
CCCCN(C)C(=O)N1C=C(C2=C1N=CC=C2)C(=O)NC(CC3=CC=CC=C3)C(CNC(=O)C4=CC(=CC=C4)OC)O,0
CCCCN(C)C(=O)N1C=C(C2=C1N=CC=C2)C(=O)NC(CC3=CC=CC=C3)C(CNS(=O)(=O)C4=CC=CC(=C4)OC)O,0
CCCCN(C)C(=O)N1C=C(C2=C1N=CC=C2)C(=O)NC(CC3=CC=CC=C3)C(C[NH2+]C4CC4)O,0
C1C(C(C(CS1(=O)=O)[NH3+])O)CC2=CC(=C(C=C2)O)Br,0
CC(C)C1=NC(N=C1N)(C)C2=CC=CC(=C2)C3=CN=CC=C3,0
CN1C(=O)C=C(N=C1N)C2CC2C3=CC=C(C=C3)C4=CC(=NC=C4)OC,0
CC1=CC=C(C=C1)C2=CC=C(C=C2)C3CC3C4=CC(=O)N(C(=N4)N)C,0
CC1(CC(=O)N(C(=N1)N)C)[C@H]2C[C@@H]2C3=CC=CC=C3,0
CC1(CC2=C(C=CC(=C2)Cl)C(=NC(CC3=CC=CC=C3)C4=NC=CC=N4)N1)C,0
CC(=O)NC(CC1=CC(=CC(=C1)F)F)C(C[NH2+]C2(CCCCC2)C3=NC(=CO3)C(C)(C)C)O,0
COCC(C(F)(F)F)OC1=C(C(=CC(=C1)CC2CS(=O)CC(C2O)[NH3+])F)N,0
CC1=CC=C(S1)C2=CC=C(C=C2)C3CC3C4=CC(=O)N(C(=N4)N)C,0
CN1C(=O)C=C(N=C1N)CCC2=CC=CC=C2,0
CC1(CC2=C(C=CC(=C2)Cl)C(=NC(CC3=CC=CC=C3)C4=NN=CO4)N1)C,0
CC(C)NC(=O)CCCN1C2=C(C=C(C=C2)Cl)N=C1N,0
CN(CC1=CC(=CC=C1)F)C(=O)CCCN2C3=C(C=C(C=C3)Cl)N=C2N,0
CN1C(=O)C=C(N=C1N)CCC2=CC=C(C=C2)C3=CC=CC=C3,0
C1COCC2C1(N=C(O2)N)C3=CC(=CC=C3)NC(=O)C4=CC=CC=N4,0
C1CCC2(C(C1)OC(=N2)N)C3=CC(=CC=C3)Br,0
C1CCC2(C(C1)OC(=N2)N)C3=CC(=CC=C3)NC(=O)C4=CC=CC=N4,0
C[C@@]1(CC(=O)N(C(=N1)N)C)CCC2=CC=CC=C2,0
C1CCC(C1)(C2=CC=CC=C2)C3=CSC(=N3)N,0
CC(C)CC(CC(=O)NCC1=CC=CC=N1)N2C3=C(C=C(C=C3)Cl)N=C2N,0
CCC(CC(=O)NCC1CC1)N2C3=C(C=C(C=C3)Cl)N=C2N,0
CC(C)CC(CC(=O)NC(C)C)N1C2=C(C=C(C=C2)Cl)N=C1N,0
C1=CC(=CC(=C1)F)CNC(=O)CCCN2C3=C(C=C(C=C3)Cl)N=C2N,0
CC1=NC(=NC=C1)C(CC2=CC=CC=C2)N=C3C4=C(CC(N3)(C)C)C=C(C=C4)Cl,0
CCC(CC(=O)NCC1=CC=C(C=C1)F)N2C3=C(C=C(C=C3)Cl)N=C2N,0
CCC(CC(=O)NCCC1CC[NH2+]C1)N2C3=C(C=C(C=C3)Cl)N=C2N,0
C[NH+]1CCC(CC1)NC(=O)CCCN2C3=C(C=C(C=C3)Cl)N=C2N,0
CC1=NN=C(O1)C(CC2=CC=CC=C2)N=C3C4=C(CC(N3)(C)C)C=C(C=C4)Cl,0
CCC(CC(=O)NCC1=CC(=CC=C1)F)N2C3=C(C=C(C=C3)Cl)N=C2N,0
CCC(CC(=O)N(C)CC1CCCCC1)N2C3=C(C=C(C=C3)Cl)N=C2N,0
C1=CC=NC(=C1)CNC(=O)CCCN2C3=C(C=C(C=C3)Cl)N=C2N,0
CCC(CC(=O)NCC[NH+]1CCOCC1)N2C3=C(C=C(C=C3)Cl)N=C2N,0
C1C[NH2+]CC1CCNC(=O)CCCN2C3=C(C=C(C=C3)Cl)N=C2N,0
CC1(CC2=CC=CC=C2C(=NC(CC3=CC=CC=C3)C4=NNN=N4)N1)C,0
CCC(CC(=O)NC(C)C)N1C2=C(C=C(C=C2)Cl)N=C1N,0
C1=CC2=C(C=C1Cl)NC(=N2)N,0
C1COCC[NH+]1CCNC(=O)CCCN2C3=C(C=C(C=C3)Cl)N=C2N,0
CCC(CC(=O)NCC1CCOCC1)N2C3=C(C=C(C=C3)Cl)N=C2N,0
CCC(CC(=O)NCC1=CC=CC=N1)N2C3=C(C=C(C=C3)Cl)N=C2N,0
CN1C(=O)C=C(N=C1N)C2CC2C3=CC(=CC=C3)Br,0
CN1C(=O)C=C(N=C1N)C2CC2C3=CC=CC(=C3)C4=CC=CC=C4,0
C1CC1CNC(=O)CCCN2C3=C(C=C(C=C3)Cl)N=C2N,0
